Workbook

Sheet README
A2: Vintage Story Farming Dashboard
A3: Built for Vintage Story 1.22.1 stable + Specialized Classes 2.2.2 (specializedclasses)
A5: What this is
B6: A planning workbook for Vintage Story farming. The web app at https://garrethcline.github.io/vs-farming/ is the primary tool. This workbook is the math primer where the formulas were worked out before they got pushed into the React code. If you just want to plan a season, use the web app. If you want to read or audit the math cell-by-cell, this is where to look.
A8: Color legend (cell text colors)
B9: Blue text | C9: Hardcoded input. Change these to match your situation.
B10: Black text | C10: Computed by formula. Don't edit, it'll recompute when inputs change.
B11: Green text | C11: Pulled from another sheet (a cross-sheet link).
B12: Yellow fill | C12: Key assumption you might want to override (input cells).
B13: Red text | C13: Warning or critical info.
A14: ⚠ Versions and mod compatibility
A15: Built for Vintage Story 1.22.1 stable (released 29 April 2026). Supports one optional mod: Specialized Classes 2.2.2, mod identifier "specializedclasses", file SpecializedClasses.dll v2.2.2, built for VS 1.22.x. On the Settings tab, set "Has Farmhand fertilizer perk?" to TRUE if you have the mod and have taken the Farmhand class. Set to FALSE for vanilla. See SPEC.md §9 for the full perk math (decompiled from IL) and §15 for the underground farming bug status (still present in 1.22.1).
A16: Sheet index
B17: Settings | C17: Global config: server constants, climate, growth/damage rules. DaysPerMonth, DaysPerYear, and ClimateRows are named ranges. Most date arithmetic on other sheets pulls from them, so changing DaysPerMonth scales the year wraps. The Climate sheet itself stays at 108 rows; for a different DaysPerMonth, regenerate climate.csv.
B18: Climate | C18: 108-day temperature curve from your /debug exptempplot CSV. Drives the calendar and simulator.
B19: Crops | C19: All 18 plantable crops with JSON-verified params. Source data; don't edit unless game updates.
B20: Soils | C20: 5 soil tiers (poor / medium / compost / dirt / terra preta). Fertility values per tier.
B21: Fertilizers | C21: NPK table + interactive [MOD] Specialized Classes 'Fertilizer' perk calculator.
B22: Calendar | C22: Plantability heatmap across the full year. Toggle greenhouse on/off to compare.
B23: Simulator | C23: Pick a crop, plant day, soil tier. See full mechanics: stage time, damage flags, yield mul.
B24: Plots | C24: Track your active farm plots. Auto-computes harvest day, days remaining, status.
B25: Rotation | C25: N/P/K rotation history per plot. Suggests what to plant next.
B26: ActivityLog | C26: Append-only log of plant/harvest events for the season.
B27: Reference | C27: Glossary, key formulas explained, source citations.
A28: What lives in the app but not here | B28: rainfall + light/depth multipliers | C28: The web app Decision Helper multiplies a moisture factor (from biome rainfall) and a light/depth factor into grow speed. Those use Monte Carlo of the noise pipeline plus the formulas from BESoilNutrition.cs and BlockEntityFastForwardGrowth.cs. They are not in this spreadsheet yet; the app is the reference implementation.
A30: Quick start
B31: 1. Go to Settings → confirm DaysPerMonth = 9 and your latitude/climate values.
B32: 2. Visit Climate → temps are pre-loaded from your CSV. Chart shows yearly curve.
B33: 3. Calendar → see which crops can be planted on which days.
B34: 4. Simulator → try planting Rye on day 50: dropdown picks crop, predicts harvest.
B35: 5. Plots → enter your real plots, set crop + plant day, status auto-updates.
A38: Sources of truth
B39: SPEC.md is the master reference. Derived from vssurvivalmod-master (VS 1.22.1) + survival/blocktypes/plant/crop/*.json + SpecializedClasses.dll v2.2.2 IL decompilation. Climate from your /debug exptempplot CSV.
A45: Google Sheets note
A46: All charts are now PNG images for cross-app compatibility. Live counts (e.g., plot status) are shown as KPI cells alongside the chart. If you change inputs in Simulator or Fertilizers, the chart shows the default-state snapshot. The formulas above the chart still update live.

Sheet Decision
B1: Decision Helper
B2: Just harvested? Pick your next crop with full season context.
B5: 1 · Inputs
B7: Mode | C7: Standalone | D7: (Linked = pull data from a plot below)
B8: Plot ID | C8: P01 | D8: (only used in Linked mode)
B9: Today (day#) | C9: =CurrentDay -> 50 | D9: (pulls from Settings; overwrite to test other days)
B10: Soil tier | C10: =IF($C$7="Linked to Plots",INDEX(Plots!$D$7:$D$18,MATCH($C$8,Plots!$B$7:$B$18,0)),65) -> 65 | D10: (Barren=5, Low=25, Med=50, Compost=65, Terra Preta=80)
B11: Greenhouse? | C11: =IF($C$7="Linked to Plots",INDEX(Plots!$E$7:$E$18,MATCH($C$8,Plots!$B$7:$B$18,0)),FALSE()) -> FALSE | D11: (adds +5°C to all temperatures)
B12: [MOD] Has Farmhand fertilizer perk? | C12: =HasPerk -> TRUE | D12: [MOD: Specialized Classes - leave FALSE on vanilla] pulls from Settings
B13: Will fertilize at planting? | C13: =TRUE() -> TRUE | D13: (if TRUE, assumes you'll bring soil up to soil-tier before planting)
B14: Fertilizer to apply: | C14: None | D14: =IF($C$14="None","(no fertilizer)","+"&IFERROR(VLOOKUP($C$14,Fertilizers!$B$6:$E$9,2,FALSE()),0)&"N · +"&IFERROR(VLOOKUP($C$14,Fertilizers!$B$6:$E$9,3,FALSE()),0)&"P · +"&IFERROR(VLOOKUP($C$14,Fertilizers!$B$6:$E$9,4,FALSE()),0)&"K to slow-release pool") -> (no fertilizer) | I14: (only used if "Apply fertilizer at planting?" above is TRUE)
B15: Current N/P/K (post-harvest):
C16: N | E16: P | G16: K | I16: (0 to 100 each axis; defaults assume fertilized = soil tier; unfertilized = half soil tier)
C17: =IF($C$13,$C$10,IF($C$7="Linked to Plots",MAX(0,$C$10-30),$C$10/2)) -> 65 | E17: =IF($C$13,$C$10,IF($C$7="Linked to Plots",MAX(0,$C$10-30),$C$10/2)) -> 65 | G17: =IF($C$13,$C$10,IF($C$7="Linked to Plots",MAX(0,$C$10-30),$C$10/2)) -> 65
B18: Slow-release pool: | C18: 0 | E18: 0 | G18: 0 | I18: (0 to 150 each axis; check in-game F3 for 'Active fertilizer +X% N' display)
B19: 2 · Today's conditions
B21: Today is: | C21: ="Day "&$C$9&" ("&MOD($C$9-1,DaysPerMonth)+1&" "&CHOOSE(INT(($C$9-1)/DaysPerMonth)+1,"Jan","Feb","Mar","Apr","May","Jun","Jul","Aug","Sep","Oct","Nov","Dec")&")" -> Day 50 (5 Jun)
B22: Temperature today: | C22: =ROUND(IF($C$11,INDEX(Climate!$G$5:$G$112,$C$9),INDEX(Climate!$D$5:$D$112,$C$9)),1)&"°C avg" -> 13.5°C avg | D22: =ROUND(IF($C$11,INDEX(Climate!$H$5:$H$112,$C$9),INDEX(Climate!$E$5:$E$112,$C$9)),1)&"°C min" -> 4.7°C min | E22: =ROUND(IF($C$11,INDEX(Climate!$I$5:$I$112,$C$9),INDEX(Climate!$F$5:$F$112,$C$9)),1)&"°C max" -> 22.8°C max | F22: (varies through the day. Game uses tick temperature for damage)
B23: Growing days left: | C23: =IF($C$9>=SeasonEndDay,0,SeasonEndDay-$C$9)&" days" -> 34 days | D23: ="(season ends day "&SeasonEndDay&")" -> (season ends day 84)
B24: Lowest nutrient: | C24: =IF(MIN($C$17,$E$17,$G$17)=$C$17,"N",IF(MIN($C$17,$E$17,$G$17)=$E$17,"P","K"))&" ("&MIN($C$17,$E$17,$G$17)&")" -> N (65) | D24: ="(N-required crops will struggle if N is low; rotation matters)" -> (N-required crops will struggle if N is low; rotation matters)
B25: Verdict: | C25: =IF($C$9>SeasonEndDay,"Season has already ended. No outdoor planting until day 34",IF(SeasonEndDay-$C$9<10,"Less than 10 days left. Only fast crops will finish",IF(SeasonEndDay-$C$9<25,"Mid-late season. Pick fast/medium crops","Plenty of season left. Many options viable"))) -> Plenty of season left. Many options viable
B27: 3 · Crop ranking. All 18 crops scored for your situation
B29: Crop | C29: Grow days | D29: Plant→Harvest | E29: Days after | F29: Window min | G29: Window max | H29: Cold/heat? | I29: Frost OK? | J29: Rotation | K29: Follow-up? | L29: Score | M29: Verdict
B30: Rye | C30: =INDEX(Crops!$F$5:$F$22,MATCH("Rye",CropNames,0)) -> 16.02 | D30: =$C$9&"→"&IF(ROUND($C$9+$C30,0)>DaysPerYear,ROUND($C$9+$C30-DaysPerYear,0),ROUND($C$9+$C30,0)) -> 50→66 | E30: =MAX(0,ROUND(SeasonEndDay-($C$9+$C30),0)) -> 18 | F30: =IF($C$11,IF(ROUND($C$9+$C30,0)<=DaysPerYear,MIN(INDEX(Climate!$H$5:$H$112,$C$9):INDEX(Climate!$H$5:$H$112,ROUND($C$9+$C30,0))),MIN(MIN(INDEX(Climate!$H$5:$H$112,$C$9):INDEX(Climate!$H$5:$H$112,ClimateRows)),MIN(INDEX(Climate!$H$5:$H$112,1):INDEX(Climate!$H$5:$H$112,ROUND($C$9+$C30-DaysPerYear,0))))),IF(ROUND($C$9+$C30,0)<=DaysPerYear,MIN(INDEX(Climate!$E$5:$E$112,$C$9):INDEX(Climate!$E$5:$E$112,ROUND($C$9+$C30,0))),MIN(MIN(INDEX(Climate!$E$5:$E$112,$C$9):INDEX(Climate!$E$5:$E$112,ClimateRows)),MIN(INDEX(Climate!$E$5:$E$112,1):INDEX(Climate!$E$5:$E$112,ROUND($C$9+$C30-DaysPerYear,0)))))) -> 4.66 | G30: =IF($C$11,IF(ROUND($C$9+$C30,0)<=DaysPerYear,MAX(INDEX(Climate!$I$5:$I$112,$C$9):INDEX(Climate!$I$5:$I$112,ROUND($C$9+$C30,0))),MAX(MAX(INDEX(Climate!$I$5:$I$112,$C$9):INDEX(Climate!$I$5:$I$112,ClimateRows)),MAX(INDEX(Climate!$I$5:$I$112,1):INDEX(Climate!$I$5:$I$112,ROUND($C$9+$C30-DaysPerYear,0))))),IF(ROUND($C$9+$C30,0)<=DaysPerYear,MAX(INDEX(Climate!$F$5:$F$112,$C$9):INDEX(Climate!$F$5:$F$112,ROUND($C$9+$C30,0))),MAX(MAX(INDEX(Climate!$F$5:$F$112,$C$9):INDEX(Climate!$F$5:$F$112,ClimateRows)),MAX(INDEX(Climate!$F$5:$F$112,1):INDEX(Climate!$F$5:$F$112,ROUND($C$9+$C30-DaysPerYear,0)))))) -> 24.64 | H30: =IF(AND($F30<INDEX(Crops!$K$5:$K$22,MATCH("Rye",CropNames,0)),$G30>INDEX(Crops!$M$5:$M$22,MATCH("Rye",CropNames,0))),"C+H",IF($F30<INDEX(Crops!$K$5:$K$22,MATCH("Rye",CropNames,0)),"COLD",IF($G30>INDEX(Crops!$M$5:$M$22,MATCH("Rye",CropNames,0)),"HEAT","✓ ok"))) -> ✓ ok | I30: =IF($C$9+$C30>SeasonEndDay,"✗ no",IF(SeasonEndDay-($C$9+$C30)<3,"barely","✓ yes")) -> ✓ yes | J30: =IF(MAX($C$17,$E$17,$G$17)-MIN($C$17,$E$17,$G$17)<=5,"ok",IF(INDEX(Crops!$G$5:$G$22,MATCH("Rye",CropNames,0))="N",IF($C$17=MIN($C$17,$E$17,$G$17),"poor",IF($C$17=MAX($C$17,$E$17,$G$17),"great","ok")),IF(INDEX(Crops!$G$5:$G$22,MATCH("Rye",CropNames,0))="P",IF($E$17=MIN($C$17,$E$17,$G$17),"poor",IF($E$17=MAX($C$17,$E$17,$G$17),"great","ok")),IF($G$17=MIN($C$17,$E$17,$G$17),"poor",IF($G$17=MAX($C$17,$E$17,$G$17),"great","ok"))))) -> ok | K30: =IF($E30>=15,"yes (carrot)",IF($E30>=8,"yes (turnip)",IF($E30>=4,"maybe","no"))) -> yes (carrot) | L30: =ROUND(5.5/$C30*100*IF(((IF(INDEX(Crops!$G$5:$G$22,MATCH("Rye",CropNames,0))="N",$C$17,IF(INDEX(Crops!$G$5:$G$22,MATCH("Rye",CropNames,0))="P",$E$17,$G$17)))+(MAX(0,IF(INDEX(Crops!$G$5:$G$22,MATCH("Rye",CropNames,0))="N",$C$17,IF(INDEX(Crops!$G$5:$G$22,MATCH("Rye",CropNames,0))="P",$E$17,$G$17))-MAX(0,INDEX(Crops!$H$5:$H$22,MATCH("Rye",CropNames,0))-MIN(IF(INDEX(Crops!$G$5:$G$22,MATCH("Rye",CropNames,0))="N",MIN(150,$C$18+IF($C$13,IFERROR(VLOOKUP($C$14,Fertilizers!$B$6:$E$9,2,FALSE()),0),0)),IF(INDEX(Crops!$G$5:$G$22,MATCH("Rye",CropNames,0))="P",MIN(150,$E$18+IF($C$13,IFERROR(VLOOKUP($C$14,Fertilizers!$B$6:$E$9,3,FALSE()),0),0)),MIN(150,$G$18+IF($C$13,IFERROR(VLOOKUP($C$14,Fertilizers!$B$6:$E$9,4,FALSE()),0),0)))),0.25*$C30*TicksPerDay)))))/2>75,1.1,IF(((IF(INDEX(Crops!$G$5:$G$22,MATCH("Rye",CropNames,0))="N",$C$17,IF(INDEX(Crops!$G$5:$G$22,MATCH("Rye",CropNames,0))="P",$E$17,$G$17)))+(MAX(0,IF(INDEX(Crops!$G$5:$G$22,MATCH("Rye",CropNames,0))="N",$C$17,IF(INDEX(Crops!$G$5:$G$22,MATCH("Rye",CropNames,0))="P",$E$17,$G$17))-MAX(0,INDEX(Crops!$H$5:$H$22,MATCH("Rye",CropNames,0))-MIN(IF(INDEX(Crops!$G$5:$G$22,MATCH("Rye",CropNames,0))="N",MIN(150,$C$18+IF($C$13,IFERROR(VLOOKUP($C$14,Fertilizers!$B$6:$E$9,2,FALSE()),0),0)),IF(INDEX(Crops!$G$5:$G$22,MATCH("Rye",CropNames,0))="P",MIN(150,$E$18+IF($C$13,IFERROR(VLOOKUP($C$14,Fertilizers!$B$6:$E$9,3,FALSE()),0),0)),MIN(150,$G$18+IF($C$13,IFERROR(VLOOKUP($C$14,Fertilizers!$B$6:$E$9,4,FALSE()),0),0)))),0.25*$C30*TicksPerDay)))))/2>50,1,IF(((IF(INDEX(Crops!$G$5:$G$22,MATCH("Rye",CropNames,0))="N",$C$17,IF(INDEX(Crops!$G$5:$G$22,MATCH("Rye",CropNames,0))="P",$E$17,$G$17)))+(MAX(0,IF(INDEX(Crops!$G$5:$G$22,MATCH("Rye",CropNames,0))="N",$C$17,IF(INDEX(Crops!$G$5:$G$22,MATCH("Rye",CropNames,0))="P",$E$17,$G$17))-MAX(0,INDEX(Crops!$H$5:$H$22,MATCH("Rye",CropNames,0))-MIN(IF(INDEX(Crops!$G$5:$G$22,MATCH("Rye",CropNames,0))="N",MIN(150,$C$18+IF($C$13,IFERROR(VLOOKUP($C$14,Fertilizers!$B$6:$E$9,2,FALSE()),0),0)),IF(INDEX(Crops!$G$5:$G$22,MATCH("Rye",CropNames,0))="P",MIN(150,$E$18+IF($C$13,IFERROR(VLOOKUP($C$14,Fertilizers!$B$6:$E$9,3,FALSE()),0),0)),MIN(150,$G$18+IF($C$13,IFERROR(VLOOKUP($C$14,Fertilizers!$B$6:$E$9,4,FALSE()),0),0)))),0.25*$C30*TicksPerDay)))))/2>35,0.9,IF(((IF(INDEX(Crops!$G$5:$G$22,MATCH("Rye",CropNames,0))="N",$C$17,IF(INDEX(Crops!$G$5:$G$22,MATCH("Rye",CropNames,0))="P",$E$17,$G$17)))+(MAX(0,IF(INDEX(Crops!$G$5:$G$22,MATCH("Rye",CropNames,0))="N",$C$17,IF(INDEX(Crops!$G$5:$G$22,MATCH("Rye",CropNames,0))="P",$E$17,$G$17))-MAX(0,INDEX(Crops!$H$5:$H$22,MATCH("Rye",CropNames,0))-MIN(IF(INDEX(Crops!$G$5:$G$22,MATCH("Rye",CropNames,0))="N",MIN(150,$C$18+IF($C$13,IFERROR(VLOOKUP($C$14,Fertilizers!$B$6:$E$9,2,FALSE()),0),0)),IF(INDEX(Crops!$G$5:$G$22,MATCH("Rye",CropNames,0))="P",MIN(150,$E$18+IF($C$13,IFERROR(VLOOKUP($C$14,Fertilizers!$B$6:$E$9,3,FALSE()),0),0)),MIN(150,$G$18+IF($C$13,IFERROR(VLOOKUP($C$14,Fertilizers!$B$6:$E$9,4,FALSE()),0),0)))),0.25*$C30*TicksPerDay)))))/2>20,0.6,IF(((IF(INDEX(Crops!$G$5:$G$22,MATCH("Rye",CropNames,0))="N",$C$17,IF(INDEX(Crops!$G$5:$G$22,MATCH("Rye",CropNames,0))="P",$E$17,$G$17)))+(MAX(0,IF(INDEX(Crops!$G$5:$G$22,MATCH("Rye",CropNames,0))="N",$C$17,IF(INDEX(Crops!$G$5:$G$22,MATCH("Rye",CropNames,0))="P",$E$17,$G$17))-MAX(0,INDEX(Crops!$H$5:$H$22,MATCH("Rye",CropNames,0))-MIN(IF(INDEX(Crops!$G$5:$G$22,MATCH("Rye",CropNames,0))="N",MIN(150,$C$18+IF($C$13,IFERROR(VLOOKUP($C$14,Fertilizers!$B$6:$E$9,2,FALSE()),0),0)),IF(INDEX(Crops!$G$5:$G$22,MATCH("Rye",CropNames,0))="P",MIN(150,$E$18+IF($C$13,IFERROR(VLOOKUP($C$14,Fertilizers!$B$6:$E$9,3,FALSE()),0),0)),MIN(150,$G$18+IF($C$13,IFERROR(VLOOKUP($C$14,Fertilizers!$B$6:$E$9,4,FALSE()),0),0)))),0.25*$C30*TicksPerDay)))))/2>5,0.3,0.1)))))*IF($I30="✓ yes",1,IF($I30="barely",0.6,0))*IF($H30="✓ ok",1,IFERROR(IF(ISBLANK(INDEX(Crops!$O$5:$O$22,MATCH("Rye",CropNames,0))),DefaultStuntMul,INDEX(Crops!$O$5:$O$22,MATCH("Rye",CropNames,0))),DefaultStuntMul))*IF($J30="poor",0.7,IF($J30="great",1.2,1))*IF(LEFT($K30,3)="yes",1.3,IF($K30="maybe",1.1,1)),1) -> 40.2 | M30: =IF($I30="✗ no","won't finish",IF($H30="✓ ok",IF($L30>=RANK_TOP3,"top pick",IF($L30>=RANK_TOP10,"good","ok")),"risk: "&$H30)) -> good
B31: Carrot | C31: =INDEX(Crops!$F$5:$F$22,MATCH("Carrot",CropNames,0)) -> 9.27 | D31: =$C$9&"→"&IF(ROUND($C$9+$C31,0)>DaysPerYear,ROUND($C$9+$C31-DaysPerYear,0),ROUND($C$9+$C31,0)) -> 50→59 | E31: =MAX(0,ROUND(SeasonEndDay-($C$9+$C31),0)) -> 25 | F31: =IF($C$11,IF(ROUND($C$9+$C31,0)<=DaysPerYear,MIN(INDEX(Climate!$H$5:$H$112,$C$9):INDEX(Climate!$H$5:$H$112,ROUND($C$9+$C31,0))),MIN(MIN(INDEX(Climate!$H$5:$H$112,$C$9):INDEX(Climate!$H$5:$H$112,ClimateRows)),MIN(INDEX(Climate!$H$5:$H$112,1):INDEX(Climate!$H$5:$H$112,ROUND($C$9+$C31-DaysPerYear,0))))),IF(ROUND($C$9+$C31,0)<=DaysPerYear,MIN(INDEX(Climate!$E$5:$E$112,$C$9):INDEX(Climate!$E$5:$E$112,ROUND($C$9+$C31,0))),MIN(MIN(INDEX(Climate!$E$5:$E$112,$C$9):INDEX(Climate!$E$5:$E$112,ClimateRows)),MIN(INDEX(Climate!$E$5:$E$112,1):INDEX(Climate!$E$5:$E$112,ROUND($C$9+$C31-DaysPerYear,0)))))) -> 4.66 | G31: =IF($C$11,IF(ROUND($C$9+$C31,0)<=DaysPerYear,MAX(INDEX(Climate!$I$5:$I$112,$C$9):INDEX(Climate!$I$5:$I$112,ROUND($C$9+$C31,0))),MAX(MAX(INDEX(Climate!$I$5:$I$112,$C$9):INDEX(Climate!$I$5:$I$112,ClimateRows)),MAX(INDEX(Climate!$I$5:$I$112,1):INDEX(Climate!$I$5:$I$112,ROUND($C$9+$C31-DaysPerYear,0))))),IF(ROUND($C$9+$C31,0)<=DaysPerYear,MAX(INDEX(Climate!$F$5:$F$112,$C$9):INDEX(Climate!$F$5:$F$112,ROUND($C$9+$C31,0))),MAX(MAX(INDEX(Climate!$F$5:$F$112,$C$9):INDEX(Climate!$F$5:$F$112,ClimateRows)),MAX(INDEX(Climate!$F$5:$F$112,1):INDEX(Climate!$F$5:$F$112,ROUND($C$9+$C31-DaysPerYear,0)))))) -> 24.07 | H31: =IF(AND($F31<INDEX(Crops!$K$5:$K$22,MATCH("Carrot",CropNames,0)),$G31>INDEX(Crops!$M$5:$M$22,MATCH("Carrot",CropNames,0))),"C+H",IF($F31<INDEX(Crops!$K$5:$K$22,MATCH("Carrot",CropNames,0)),"COLD",IF($G31>INDEX(Crops!$M$5:$M$22,MATCH("Carrot",CropNames,0)),"HEAT","✓ ok"))) -> ✓ ok | I31: =IF($C$9+$C31>SeasonEndDay,"✗ no",IF(SeasonEndDay-($C$9+$C31)<3,"barely","✓ yes")) -> ✓ yes | J31: =IF(MAX($C$17,$E$17,$G$17)-MIN($C$17,$E$17,$G$17)<=5,"ok",IF(INDEX(Crops!$G$5:$G$22,MATCH("Carrot",CropNames,0))="N",IF($C$17=MIN($C$17,$E$17,$G$17),"poor",IF($C$17=MAX($C$17,$E$17,$G$17),"great","ok")),IF(INDEX(Crops!$G$5:$G$22,MATCH("Carrot",CropNames,0))="P",IF($E$17=MIN($C$17,$E$17,$G$17),"poor",IF($E$17=MAX($C$17,$E$17,$G$17),"great","ok")),IF($G$17=MIN($C$17,$E$17,$G$17),"poor",IF($G$17=MAX($C$17,$E$17,$G$17),"great","ok"))))) -> ok | K31: =IF($E31>=15,"yes (carrot)",IF($E31>=8,"yes (turnip)",IF($E31>=4,"maybe","no"))) -> yes (carrot) | L31: =ROUND(11/$C31*100*IF(((IF(INDEX(Crops!$G$5:$G$22,MATCH("Carrot",CropNames,0))="N",$C$17,IF(INDEX(Crops!$G$5:$G$22,MATCH("Carrot",CropNames,0))="P",$E$17,$G$17)))+(MAX(0,IF(INDEX(Crops!$G$5:$G$22,MATCH("Carrot",CropNames,0))="N",$C$17,IF(INDEX(Crops!$G$5:$G$22,MATCH("Carrot",CropNames,0))="P",$E$17,$G$17))-MAX(0,INDEX(Crops!$H$5:$H$22,MATCH("Carrot",CropNames,0))-MIN(IF(INDEX(Crops!$G$5:$G$22,MATCH("Carrot",CropNames,0))="N",MIN(150,$C$18+IF($C$13,IFERROR(VLOOKUP($C$14,Fertilizers!$B$6:$E$9,2,FALSE()),0),0)),IF(INDEX(Crops!$G$5:$G$22,MATCH("Carrot",CropNames,0))="P",MIN(150,$E$18+IF($C$13,IFERROR(VLOOKUP($C$14,Fertilizers!$B$6:$E$9,3,FALSE()),0),0)),MIN(150,$G$18+IF($C$13,IFERROR(VLOOKUP($C$14,Fertilizers!$B$6:$E$9,4,FALSE()),0),0)))),0.25*$C31*TicksPerDay)))))/2>75,1.1,IF(((IF(INDEX(Crops!$G$5:$G$22,MATCH("Carrot",CropNames,0))="N",$C$17,IF(INDEX(Crops!$G$5:$G$22,MATCH("Carrot",CropNames,0))="P",$E$17,$G$17)))+(MAX(0,IF(INDEX(Crops!$G$5:$G$22,MATCH("Carrot",CropNames,0))="N",$C$17,IF(INDEX(Crops!$G$5:$G$22,MATCH("Carrot",CropNames,0))="P",$E$17,$G$17))-MAX(0,INDEX(Crops!$H$5:$H$22,MATCH("Carrot",CropNames,0))-MIN(IF(INDEX(Crops!$G$5:$G$22,MATCH("Carrot",CropNames,0))="N",MIN(150,$C$18+IF($C$13,IFERROR(VLOOKUP($C$14,Fertilizers!$B$6:$E$9,2,FALSE()),0),0)),IF(INDEX(Crops!$G$5:$G$22,MATCH("Carrot",CropNames,0))="P",MIN(150,$E$18+IF($C$13,IFERROR(VLOOKUP($C$14,Fertilizers!$B$6:$E$9,3,FALSE()),0),0)),MIN(150,$G$18+IF($C$13,IFERROR(VLOOKUP($C$14,Fertilizers!$B$6:$E$9,4,FALSE()),0),0)))),0.25*$C31*TicksPerDay)))))/2>50,1,IF(((IF(INDEX(Crops!$G$5:$G$22,MATCH("Carrot",CropNames,0))="N",$C$17,IF(INDEX(Crops!$G$5:$G$22,MATCH("Carrot",CropNames,0))="P",$E$17,$G$17)))+(MAX(0,IF(INDEX(Crops!$G$5:$G$22,MATCH("Carrot",CropNames,0))="N",$C$17,IF(INDEX(Crops!$G$5:$G$22,MATCH("Carrot",CropNames,0))="P",$E$17,$G$17))-MAX(0,INDEX(Crops!$H$5:$H$22,MATCH("Carrot",CropNames,0))-MIN(IF(INDEX(Crops!$G$5:$G$22,MATCH("Carrot",CropNames,0))="N",MIN(150,$C$18+IF($C$13,IFERROR(VLOOKUP($C$14,Fertilizers!$B$6:$E$9,2,FALSE()),0),0)),IF(INDEX(Crops!$G$5:$G$22,MATCH("Carrot",CropNames,0))="P",MIN(150,$E$18+IF($C$13,IFERROR(VLOOKUP($C$14,Fertilizers!$B$6:$E$9,3,FALSE()),0),0)),MIN(150,$G$18+IF($C$13,IFERROR(VLOOKUP($C$14,Fertilizers!$B$6:$E$9,4,FALSE()),0),0)))),0.25*$C31*TicksPerDay)))))/2>35,0.9,IF(((IF(INDEX(Crops!$G$5:$G$22,MATCH("Carrot",CropNames,0))="N",$C$17,IF(INDEX(Crops!$G$5:$G$22,MATCH("Carrot",CropNames,0))="P",$E$17,$G$17)))+(MAX(0,IF(INDEX(Crops!$G$5:$G$22,MATCH("Carrot",CropNames,0))="N",$C$17,IF(INDEX(Crops!$G$5:$G$22,MATCH("Carrot",CropNames,0))="P",$E$17,$G$17))-MAX(0,INDEX(Crops!$H$5:$H$22,MATCH("Carrot",CropNames,0))-MIN(IF(INDEX(Crops!$G$5:$G$22,MATCH("Carrot",CropNames,0))="N",MIN(150,$C$18+IF($C$13,IFERROR(VLOOKUP($C$14,Fertilizers!$B$6:$E$9,2,FALSE()),0),0)),IF(INDEX(Crops!$G$5:$G$22,MATCH("Carrot",CropNames,0))="P",MIN(150,$E$18+IF($C$13,IFERROR(VLOOKUP($C$14,Fertilizers!$B$6:$E$9,3,FALSE()),0),0)),MIN(150,$G$18+IF($C$13,IFERROR(VLOOKUP($C$14,Fertilizers!$B$6:$E$9,4,FALSE()),0),0)))),0.25*$C31*TicksPerDay)))))/2>20,0.6,IF(((IF(INDEX(Crops!$G$5:$G$22,MATCH("Carrot",CropNames,0))="N",$C$17,IF(INDEX(Crops!$G$5:$G$22,MATCH("Carrot",CropNames,0))="P",$E$17,$G$17)))+(MAX(0,IF(INDEX(Crops!$G$5:$G$22,MATCH("Carrot",CropNames,0))="N",$C$17,IF(INDEX(Crops!$G$5:$G$22,MATCH("Carrot",CropNames,0))="P",$E$17,$G$17))-MAX(0,INDEX(Crops!$H$5:$H$22,MATCH("Carrot",CropNames,0))-MIN(IF(INDEX(Crops!$G$5:$G$22,MATCH("Carrot",CropNames,0))="N",MIN(150,$C$18+IF($C$13,IFERROR(VLOOKUP($C$14,Fertilizers!$B$6:$E$9,2,FALSE()),0),0)),IF(INDEX(Crops!$G$5:$G$22,MATCH("Carrot",CropNames,0))="P",MIN(150,$E$18+IF($C$13,IFERROR(VLOOKUP($C$14,Fertilizers!$B$6:$E$9,3,FALSE()),0),0)),MIN(150,$G$18+IF($C$13,IFERROR(VLOOKUP($C$14,Fertilizers!$B$6:$E$9,4,FALSE()),0),0)))),0.25*$C31*TicksPerDay)))))/2>5,0.3,0.1)))))*IF($I31="✓ yes",1,IF($I31="barely",0.6,0))*IF($H31="✓ ok",1,IFERROR(IF(ISBLANK(INDEX(Crops!$O$5:$O$22,MATCH("Carrot",CropNames,0))),DefaultStuntMul,INDEX(Crops!$O$5:$O$22,MATCH("Carrot",CropNames,0))),DefaultStuntMul))*IF($J31="poor",0.7,IF($J31="great",1.2,1))*IF(LEFT($K31,3)="yes",1.3,IF($K31="maybe",1.1,1)),1) -> 138.8 | M31: =IF($I31="✗ no","won't finish",IF($H31="✓ ok",IF($L31>=RANK_TOP3,"top pick",IF($L31>=RANK_TOP10,"good","ok")),"risk: "&$H31)) -> top pick
B32: Parsnip | C32: =INDEX(Crops!$F$5:$F$22,MATCH("Parsnip",CropNames,0)) -> 15.75 | D32: =$C$9&"→"&IF(ROUND($C$9+$C32,0)>DaysPerYear,ROUND($C$9+$C32-DaysPerYear,0),ROUND($C$9+$C32,0)) -> 50→66 | E32: =MAX(0,ROUND(SeasonEndDay-($C$9+$C32),0)) -> 18 | F32: =IF($C$11,IF(ROUND($C$9+$C32,0)<=DaysPerYear,MIN(INDEX(Climate!$H$5:$H$112,$C$9):INDEX(Climate!$H$5:$H$112,ROUND($C$9+$C32,0))),MIN(MIN(INDEX(Climate!$H$5:$H$112,$C$9):INDEX(Climate!$H$5:$H$112,ClimateRows)),MIN(INDEX(Climate!$H$5:$H$112,1):INDEX(Climate!$H$5:$H$112,ROUND($C$9+$C32-DaysPerYear,0))))),IF(ROUND($C$9+$C32,0)<=DaysPerYear,MIN(INDEX(Climate!$E$5:$E$112,$C$9):INDEX(Climate!$E$5:$E$112,ROUND($C$9+$C32,0))),MIN(MIN(INDEX(Climate!$E$5:$E$112,$C$9):INDEX(Climate!$E$5:$E$112,ClimateRows)),MIN(INDEX(Climate!$E$5:$E$112,1):INDEX(Climate!$E$5:$E$112,ROUND($C$9+$C32-DaysPerYear,0)))))) -> 4.66 | G32: =IF($C$11,IF(ROUND($C$9+$C32,0)<=DaysPerYear,MAX(INDEX(Climate!$I$5:$I$112,$C$9):INDEX(Climate!$I$5:$I$112,ROUND($C$9+$C32,0))),MAX(MAX(INDEX(Climate!$I$5:$I$112,$C$9):INDEX(Climate!$I$5:$I$112,ClimateRows)),MAX(INDEX(Climate!$I$5:$I$112,1):INDEX(Climate!$I$5:$I$112,ROUND($C$9+$C32-DaysPerYear,0))))),IF(ROUND($C$9+$C32,0)<=DaysPerYear,MAX(INDEX(Climate!$F$5:$F$112,$C$9):INDEX(Climate!$F$5:$F$112,ROUND($C$9+$C32,0))),MAX(MAX(INDEX(Climate!$F$5:$F$112,$C$9):INDEX(Climate!$F$5:$F$112,ClimateRows)),MAX(INDEX(Climate!$F$5:$F$112,1):INDEX(Climate!$F$5:$F$112,ROUND($C$9+$C32-DaysPerYear,0)))))) -> 24.64 | H32: =IF(AND($F32<INDEX(Crops!$K$5:$K$22,MATCH("Parsnip",CropNames,0)),$G32>INDEX(Crops!$M$5:$M$22,MATCH("Parsnip",CropNames,0))),"C+H",IF($F32<INDEX(Crops!$K$5:$K$22,MATCH("Parsnip",CropNames,0)),"COLD",IF($G32>INDEX(Crops!$M$5:$M$22,MATCH("Parsnip",CropNames,0)),"HEAT","✓ ok"))) -> ✓ ok | I32: =IF($C$9+$C32>SeasonEndDay,"✗ no",IF(SeasonEndDay-($C$9+$C32)<3,"barely","✓ yes")) -> ✓ yes | J32: =IF(MAX($C$17,$E$17,$G$17)-MIN($C$17,$E$17,$G$17)<=5,"ok",IF(INDEX(Crops!$G$5:$G$22,MATCH("Parsnip",CropNames,0))="N",IF($C$17=MIN($C$17,$E$17,$G$17),"poor",IF($C$17=MAX($C$17,$E$17,$G$17),"great","ok")),IF(INDEX(Crops!$G$5:$G$22,MATCH("Parsnip",CropNames,0))="P",IF($E$17=MIN($C$17,$E$17,$G$17),"poor",IF($E$17=MAX($C$17,$E$17,$G$17),"great","ok")),IF($G$17=MIN($C$17,$E$17,$G$17),"poor",IF($G$17=MAX($C$17,$E$17,$G$17),"great","ok"))))) -> ok | K32: =IF($E32>=15,"yes (carrot)",IF($E32>=8,"yes (turnip)",IF($E32>=4,"maybe","no"))) -> yes (carrot) | L32: =ROUND(12/$C32*100*IF(((IF(INDEX(Crops!$G$5:$G$22,MATCH("Parsnip",CropNames,0))="N",$C$17,IF(INDEX(Crops!$G$5:$G$22,MATCH("Parsnip",CropNames,0))="P",$E$17,$G$17)))+(MAX(0,IF(INDEX(Crops!$G$5:$G$22,MATCH("Parsnip",CropNames,0))="N",$C$17,IF(INDEX(Crops!$G$5:$G$22,MATCH("Parsnip",CropNames,0))="P",$E$17,$G$17))-MAX(0,INDEX(Crops!$H$5:$H$22,MATCH("Parsnip",CropNames,0))-MIN(IF(INDEX(Crops!$G$5:$G$22,MATCH("Parsnip",CropNames,0))="N",MIN(150,$C$18+IF($C$13,IFERROR(VLOOKUP($C$14,Fertilizers!$B$6:$E$9,2,FALSE()),0),0)),IF(INDEX(Crops!$G$5:$G$22,MATCH("Parsnip",CropNames,0))="P",MIN(150,$E$18+IF($C$13,IFERROR(VLOOKUP($C$14,Fertilizers!$B$6:$E$9,3,FALSE()),0),0)),MIN(150,$G$18+IF($C$13,IFERROR(VLOOKUP($C$14,Fertilizers!$B$6:$E$9,4,FALSE()),0),0)))),0.25*$C32*TicksPerDay)))))/2>75,1.1,IF(((IF(INDEX(Crops!$G$5:$G$22,MATCH("Parsnip",CropNames,0))="N",$C$17,IF(INDEX(Crops!$G$5:$G$22,MATCH("Parsnip",CropNames,0))="P",$E$17,$G$17)))+(MAX(0,IF(INDEX(Crops!$G$5:$G$22,MATCH("Parsnip",CropNames,0))="N",$C$17,IF(INDEX(Crops!$G$5:$G$22,MATCH("Parsnip",CropNames,0))="P",$E$17,$G$17))-MAX(0,INDEX(Crops!$H$5:$H$22,MATCH("Parsnip",CropNames,0))-MIN(IF(INDEX(Crops!$G$5:$G$22,MATCH("Parsnip",CropNames,0))="N",MIN(150,$C$18+IF($C$13,IFERROR(VLOOKUP($C$14,Fertilizers!$B$6:$E$9,2,FALSE()),0),0)),IF(INDEX(Crops!$G$5:$G$22,MATCH("Parsnip",CropNames,0))="P",MIN(150,$E$18+IF($C$13,IFERROR(VLOOKUP($C$14,Fertilizers!$B$6:$E$9,3,FALSE()),0),0)),MIN(150,$G$18+IF($C$13,IFERROR(VLOOKUP($C$14,Fertilizers!$B$6:$E$9,4,FALSE()),0),0)))),0.25*$C32*TicksPerDay)))))/2>50,1,IF(((IF(INDEX(Crops!$G$5:$G$22,MATCH("Parsnip",CropNames,0))="N",$C$17,IF(INDEX(Crops!$G$5:$G$22,MATCH("Parsnip",CropNames,0))="P",$E$17,$G$17)))+(MAX(0,IF(INDEX(Crops!$G$5:$G$22,MATCH("Parsnip",CropNames,0))="N",$C$17,IF(INDEX(Crops!$G$5:$G$22,MATCH("Parsnip",CropNames,0))="P",$E$17,$G$17))-MAX(0,INDEX(Crops!$H$5:$H$22,MATCH("Parsnip",CropNames,0))-MIN(IF(INDEX(Crops!$G$5:$G$22,MATCH("Parsnip",CropNames,0))="N",MIN(150,$C$18+IF($C$13,IFERROR(VLOOKUP($C$14,Fertilizers!$B$6:$E$9,2,FALSE()),0),0)),IF(INDEX(Crops!$G$5:$G$22,MATCH("Parsnip",CropNames,0))="P",MIN(150,$E$18+IF($C$13,IFERROR(VLOOKUP($C$14,Fertilizers!$B$6:$E$9,3,FALSE()),0),0)),MIN(150,$G$18+IF($C$13,IFERROR(VLOOKUP($C$14,Fertilizers!$B$6:$E$9,4,FALSE()),0),0)))),0.25*$C32*TicksPerDay)))))/2>35,0.9,IF(((IF(INDEX(Crops!$G$5:$G$22,MATCH("Parsnip",CropNames,0))="N",$C$17,IF(INDEX(Crops!$G$5:$G$22,MATCH("Parsnip",CropNames,0))="P",$E$17,$G$17)))+(MAX(0,IF(INDEX(Crops!$G$5:$G$22,MATCH("Parsnip",CropNames,0))="N",$C$17,IF(INDEX(Crops!$G$5:$G$22,MATCH("Parsnip",CropNames,0))="P",$E$17,$G$17))-MAX(0,INDEX(Crops!$H$5:$H$22,MATCH("Parsnip",CropNames,0))-MIN(IF(INDEX(Crops!$G$5:$G$22,MATCH("Parsnip",CropNames,0))="N",MIN(150,$C$18+IF($C$13,IFERROR(VLOOKUP($C$14,Fertilizers!$B$6:$E$9,2,FALSE()),0),0)),IF(INDEX(Crops!$G$5:$G$22,MATCH("Parsnip",CropNames,0))="P",MIN(150,$E$18+IF($C$13,IFERROR(VLOOKUP($C$14,Fertilizers!$B$6:$E$9,3,FALSE()),0),0)),MIN(150,$G$18+IF($C$13,IFERROR(VLOOKUP($C$14,Fertilizers!$B$6:$E$9,4,FALSE()),0),0)))),0.25*$C32*TicksPerDay)))))/2>20,0.6,IF(((IF(INDEX(Crops!$G$5:$G$22,MATCH("Parsnip",CropNames,0))="N",$C$17,IF(INDEX(Crops!$G$5:$G$22,MATCH("Parsnip",CropNames,0))="P",$E$17,$G$17)))+(MAX(0,IF(INDEX(Crops!$G$5:$G$22,MATCH("Parsnip",CropNames,0))="N",$C$17,IF(INDEX(Crops!$G$5:$G$22,MATCH("Parsnip",CropNames,0))="P",$E$17,$G$17))-MAX(0,INDEX(Crops!$H$5:$H$22,MATCH("Parsnip",CropNames,0))-MIN(IF(INDEX(Crops!$G$5:$G$22,MATCH("Parsnip",CropNames,0))="N",MIN(150,$C$18+IF($C$13,IFERROR(VLOOKUP($C$14,Fertilizers!$B$6:$E$9,2,FALSE()),0),0)),IF(INDEX(Crops!$G$5:$G$22,MATCH("Parsnip",CropNames,0))="P",MIN(150,$E$18+IF($C$13,IFERROR(VLOOKUP($C$14,Fertilizers!$B$6:$E$9,3,FALSE()),0),0)),MIN(150,$G$18+IF($C$13,IFERROR(VLOOKUP($C$14,Fertilizers!$B$6:$E$9,4,FALSE()),0),0)))),0.25*$C32*TicksPerDay)))))/2>5,0.3,0.1)))))*IF($I32="✓ yes",1,IF($I32="barely",0.6,0))*IF($H32="✓ ok",1,IFERROR(IF(ISBLANK(INDEX(Crops!$O$5:$O$22,MATCH("Parsnip",CropNames,0))),DefaultStuntMul,INDEX(Crops!$O$5:$O$22,MATCH("Parsnip",CropNames,0))),DefaultStuntMul))*IF($J32="poor",0.7,IF($J32="great",1.2,1))*IF(LEFT($K32,3)="yes",1.3,IF($K32="maybe",1.1,1)),1) -> 99 | M32: =IF($I32="✗ no","won't finish",IF($H32="✓ ok",IF($L32>=RANK_TOP3,"top pick",IF($L32>=RANK_TOP10,"good","ok")),"risk: "&$H32)) -> good
B33: Fennel | C33: =INDEX(Crops!$F$5:$F$22,MATCH("Fennel",CropNames,0)) -> 24.03 | D33: =$C$9&"→"&IF(ROUND($C$9+$C33,0)>DaysPerYear,ROUND($C$9+$C33-DaysPerYear,0),ROUND($C$9+$C33,0)) -> 50→74 | E33: =MAX(0,ROUND(SeasonEndDay-($C$9+$C33),0)) -> 10 | F33: =IF($C$11,IF(ROUND($C$9+$C33,0)<=DaysPerYear,MIN(INDEX(Climate!$H$5:$H$112,$C$9):INDEX(Climate!$H$5:$H$112,ROUND($C$9+$C33,0))),MIN(MIN(INDEX(Climate!$H$5:$H$112,$C$9):INDEX(Climate!$H$5:$H$112,ClimateRows)),MIN(INDEX(Climate!$H$5:$H$112,1):INDEX(Climate!$H$5:$H$112,ROUND($C$9+$C33-DaysPerYear,0))))),IF(ROUND($C$9+$C33,0)<=DaysPerYear,MIN(INDEX(Climate!$E$5:$E$112,$C$9):INDEX(Climate!$E$5:$E$112,ROUND($C$9+$C33,0))),MIN(MIN(INDEX(Climate!$E$5:$E$112,$C$9):INDEX(Climate!$E$5:$E$112,ClimateRows)),MIN(INDEX(Climate!$E$5:$E$112,1):INDEX(Climate!$E$5:$E$112,ROUND($C$9+$C33-DaysPerYear,0)))))) -> 1.96 | G33: =IF($C$11,IF(ROUND($C$9+$C33,0)<=DaysPerYear,MAX(INDEX(Climate!$I$5:$I$112,$C$9):INDEX(Climate!$I$5:$I$112,ROUND($C$9+$C33,0))),MAX(MAX(INDEX(Climate!$I$5:$I$112,$C$9):INDEX(Climate!$I$5:$I$112,ClimateRows)),MAX(INDEX(Climate!$I$5:$I$112,1):INDEX(Climate!$I$5:$I$112,ROUND($C$9+$C33-DaysPerYear,0))))),IF(ROUND($C$9+$C33,0)<=DaysPerYear,MAX(INDEX(Climate!$F$5:$F$112,$C$9):INDEX(Climate!$F$5:$F$112,ROUND($C$9+$C33,0))),MAX(MAX(INDEX(Climate!$F$5:$F$112,$C$9):INDEX(Climate!$F$5:$F$112,ClimateRows)),MAX(INDEX(Climate!$F$5:$F$112,1):INDEX(Climate!$F$5:$F$112,ROUND($C$9+$C33-DaysPerYear,0)))))) -> 24.64 | H33: =IF(AND($F33<INDEX(Crops!$K$5:$K$22,MATCH("Fennel",CropNames,0)),$G33>INDEX(Crops!$M$5:$M$22,MATCH("Fennel",CropNames,0))),"C+H",IF($F33<INDEX(Crops!$K$5:$K$22,MATCH("Fennel",CropNames,0)),"COLD",IF($G33>INDEX(Crops!$M$5:$M$22,MATCH("Fennel",CropNames,0)),"HEAT","✓ ok"))) -> ✓ ok | I33: =IF($C$9+$C33>SeasonEndDay,"✗ no",IF(SeasonEndDay-($C$9+$C33)<3,"barely","✓ yes")) -> ✓ yes | J33: =IF(MAX($C$17,$E$17,$G$17)-MIN($C$17,$E$17,$G$17)<=5,"ok",IF(INDEX(Crops!$G$5:$G$22,MATCH("Fennel",CropNames,0))="N",IF($C$17=MIN($C$17,$E$17,$G$17),"poor",IF($C$17=MAX($C$17,$E$17,$G$17),"great","ok")),IF(INDEX(Crops!$G$5:$G$22,MATCH("Fennel",CropNames,0))="P",IF($E$17=MIN($C$17,$E$17,$G$17),"poor",IF($E$17=MAX($C$17,$E$17,$G$17),"great","ok")),IF($G$17=MIN($C$17,$E$17,$G$17),"poor",IF($G$17=MAX($C$17,$E$17,$G$17),"great","ok"))))) -> ok | K33: =IF($E33>=15,"yes (carrot)",IF($E33>=8,"yes (turnip)",IF($E33>=4,"maybe","no"))) -> yes (turnip) | L33: =ROUND(11/$C33*100*IF(((IF(INDEX(Crops!$G$5:$G$22,MATCH("Fennel",CropNames,0))="N",$C$17,IF(INDEX(Crops!$G$5:$G$22,MATCH("Fennel",CropNames,0))="P",$E$17,$G$17)))+(MAX(0,IF(INDEX(Crops!$G$5:$G$22,MATCH("Fennel",CropNames,0))="N",$C$17,IF(INDEX(Crops!$G$5:$G$22,MATCH("Fennel",CropNames,0))="P",$E$17,$G$17))-MAX(0,INDEX(Crops!$H$5:$H$22,MATCH("Fennel",CropNames,0))-MIN(IF(INDEX(Crops!$G$5:$G$22,MATCH("Fennel",CropNames,0))="N",MIN(150,$C$18+IF($C$13,IFERROR(VLOOKUP($C$14,Fertilizers!$B$6:$E$9,2,FALSE()),0),0)),IF(INDEX(Crops!$G$5:$G$22,MATCH("Fennel",CropNames,0))="P",MIN(150,$E$18+IF($C$13,IFERROR(VLOOKUP($C$14,Fertilizers!$B$6:$E$9,3,FALSE()),0),0)),MIN(150,$G$18+IF($C$13,IFERROR(VLOOKUP($C$14,Fertilizers!$B$6:$E$9,4,FALSE()),0),0)))),0.25*$C33*TicksPerDay)))))/2>75,1.1,IF(((IF(INDEX(Crops!$G$5:$G$22,MATCH("Fennel",CropNames,0))="N",$C$17,IF(INDEX(Crops!$G$5:$G$22,MATCH("Fennel",CropNames,0))="P",$E$17,$G$17)))+(MAX(0,IF(INDEX(Crops!$G$5:$G$22,MATCH("Fennel",CropNames,0))="N",$C$17,IF(INDEX(Crops!$G$5:$G$22,MATCH("Fennel",CropNames,0))="P",$E$17,$G$17))-MAX(0,INDEX(Crops!$H$5:$H$22,MATCH("Fennel",CropNames,0))-MIN(IF(INDEX(Crops!$G$5:$G$22,MATCH("Fennel",CropNames,0))="N",MIN(150,$C$18+IF($C$13,IFERROR(VLOOKUP($C$14,Fertilizers!$B$6:$E$9,2,FALSE()),0),0)),IF(INDEX(Crops!$G$5:$G$22,MATCH("Fennel",CropNames,0))="P",MIN(150,$E$18+IF($C$13,IFERROR(VLOOKUP($C$14,Fertilizers!$B$6:$E$9,3,FALSE()),0),0)),MIN(150,$G$18+IF($C$13,IFERROR(VLOOKUP($C$14,Fertilizers!$B$6:$E$9,4,FALSE()),0),0)))),0.25*$C33*TicksPerDay)))))/2>50,1,IF(((IF(INDEX(Crops!$G$5:$G$22,MATCH("Fennel",CropNames,0))="N",$C$17,IF(INDEX(Crops!$G$5:$G$22,MATCH("Fennel",CropNames,0))="P",$E$17,$G$17)))+(MAX(0,IF(INDEX(Crops!$G$5:$G$22,MATCH("Fennel",CropNames,0))="N",$C$17,IF(INDEX(Crops!$G$5:$G$22,MATCH("Fennel",CropNames,0))="P",$E$17,$G$17))-MAX(0,INDEX(Crops!$H$5:$H$22,MATCH("Fennel",CropNames,0))-MIN(IF(INDEX(Crops!$G$5:$G$22,MATCH("Fennel",CropNames,0))="N",MIN(150,$C$18+IF($C$13,IFERROR(VLOOKUP($C$14,Fertilizers!$B$6:$E$9,2,FALSE()),0),0)),IF(INDEX(Crops!$G$5:$G$22,MATCH("Fennel",CropNames,0))="P",MIN(150,$E$18+IF($C$13,IFERROR(VLOOKUP($C$14,Fertilizers!$B$6:$E$9,3,FALSE()),0),0)),MIN(150,$G$18+IF($C$13,IFERROR(VLOOKUP($C$14,Fertilizers!$B$6:$E$9,4,FALSE()),0),0)))),0.25*$C33*TicksPerDay)))))/2>35,0.9,IF(((IF(INDEX(Crops!$G$5:$G$22,MATCH("Fennel",CropNames,0))="N",$C$17,IF(INDEX(Crops!$G$5:$G$22,MATCH("Fennel",CropNames,0))="P",$E$17,$G$17)))+(MAX(0,IF(INDEX(Crops!$G$5:$G$22,MATCH("Fennel",CropNames,0))="N",$C$17,IF(INDEX(Crops!$G$5:$G$22,MATCH("Fennel",CropNames,0))="P",$E$17,$G$17))-MAX(0,INDEX(Crops!$H$5:$H$22,MATCH("Fennel",CropNames,0))-MIN(IF(INDEX(Crops!$G$5:$G$22,MATCH("Fennel",CropNames,0))="N",MIN(150,$C$18+IF($C$13,IFERROR(VLOOKUP($C$14,Fertilizers!$B$6:$E$9,2,FALSE()),0),0)),IF(INDEX(Crops!$G$5:$G$22,MATCH("Fennel",CropNames,0))="P",MIN(150,$E$18+IF($C$13,IFERROR(VLOOKUP($C$14,Fertilizers!$B$6:$E$9,3,FALSE()),0),0)),MIN(150,$G$18+IF($C$13,IFERROR(VLOOKUP($C$14,Fertilizers!$B$6:$E$9,4,FALSE()),0),0)))),0.25*$C33*TicksPerDay)))))/2>20,0.6,IF(((IF(INDEX(Crops!$G$5:$G$22,MATCH("Fennel",CropNames,0))="N",$C$17,IF(INDEX(Crops!$G$5:$G$22,MATCH("Fennel",CropNames,0))="P",$E$17,$G$17)))+(MAX(0,IF(INDEX(Crops!$G$5:$G$22,MATCH("Fennel",CropNames,0))="N",$C$17,IF(INDEX(Crops!$G$5:$G$22,MATCH("Fennel",CropNames,0))="P",$E$17,$G$17))-MAX(0,INDEX(Crops!$H$5:$H$22,MATCH("Fennel",CropNames,0))-MIN(IF(INDEX(Crops!$G$5:$G$22,MATCH("Fennel",CropNames,0))="N",MIN(150,$C$18+IF($C$13,IFERROR(VLOOKUP($C$14,Fertilizers!$B$6:$E$9,2,FALSE()),0),0)),IF(INDEX(Crops!$G$5:$G$22,MATCH("Fennel",CropNames,0))="P",MIN(150,$E$18+IF($C$13,IFERROR(VLOOKUP($C$14,Fertilizers!$B$6:$E$9,3,FALSE()),0),0)),MIN(150,$G$18+IF($C$13,IFERROR(VLOOKUP($C$14,Fertilizers!$B$6:$E$9,4,FALSE()),0),0)))),0.25*$C33*TicksPerDay)))))/2>5,0.3,0.1)))))*IF($I33="✓ yes",1,IF($I33="barely",0.6,0))*IF($H33="✓ ok",1,IFERROR(IF(ISBLANK(INDEX(Crops!$O$5:$O$22,MATCH("Fennel",CropNames,0))),DefaultStuntMul,INDEX(Crops!$O$5:$O$22,MATCH("Fennel",CropNames,0))),DefaultStuntMul))*IF($J33="poor",0.7,IF($J33="great",1.2,1))*IF(LEFT($K33,3)="yes",1.3,IF($K33="maybe",1.1,1)),1) -> 53.6 | M33: =IF($I33="✗ no","won't finish",IF($H33="✓ ok",IF($L33>=RANK_TOP3,"top pick",IF($L33>=RANK_TOP10,"good","ok")),"risk: "&$H33)) -> good
B34: Licorice | C34: =INDEX(Crops!$F$5:$F$22,MATCH("Licorice",CropNames,0)) -> 24.03 | D34: =$C$9&"→"&IF(ROUND($C$9+$C34,0)>DaysPerYear,ROUND($C$9+$C34-DaysPerYear,0),ROUND($C$9+$C34,0)) -> 50→74 | E34: =MAX(0,ROUND(SeasonEndDay-($C$9+$C34),0)) -> 10 | F34: =IF($C$11,IF(ROUND($C$9+$C34,0)<=DaysPerYear,MIN(INDEX(Climate!$H$5:$H$112,$C$9):INDEX(Climate!$H$5:$H$112,ROUND($C$9+$C34,0))),MIN(MIN(INDEX(Climate!$H$5:$H$112,$C$9):INDEX(Climate!$H$5:$H$112,ClimateRows)),MIN(INDEX(Climate!$H$5:$H$112,1):INDEX(Climate!$H$5:$H$112,ROUND($C$9+$C34-DaysPerYear,0))))),IF(ROUND($C$9+$C34,0)<=DaysPerYear,MIN(INDEX(Climate!$E$5:$E$112,$C$9):INDEX(Climate!$E$5:$E$112,ROUND($C$9+$C34,0))),MIN(MIN(INDEX(Climate!$E$5:$E$112,$C$9):INDEX(Climate!$E$5:$E$112,ClimateRows)),MIN(INDEX(Climate!$E$5:$E$112,1):INDEX(Climate!$E$5:$E$112,ROUND($C$9+$C34-DaysPerYear,0)))))) -> 1.96 | G34: =IF($C$11,IF(ROUND($C$9+$C34,0)<=DaysPerYear,MAX(INDEX(Climate!$I$5:$I$112,$C$9):INDEX(Climate!$I$5:$I$112,ROUND($C$9+$C34,0))),MAX(MAX(INDEX(Climate!$I$5:$I$112,$C$9):INDEX(Climate!$I$5:$I$112,ClimateRows)),MAX(INDEX(Climate!$I$5:$I$112,1):INDEX(Climate!$I$5:$I$112,ROUND($C$9+$C34-DaysPerYear,0))))),IF(ROUND($C$9+$C34,0)<=DaysPerYear,MAX(INDEX(Climate!$F$5:$F$112,$C$9):INDEX(Climate!$F$5:$F$112,ROUND($C$9+$C34,0))),MAX(MAX(INDEX(Climate!$F$5:$F$112,$C$9):INDEX(Climate!$F$5:$F$112,ClimateRows)),MAX(INDEX(Climate!$F$5:$F$112,1):INDEX(Climate!$F$5:$F$112,ROUND($C$9+$C34-DaysPerYear,0)))))) -> 24.64 | H34: =IF(AND($F34<INDEX(Crops!$K$5:$K$22,MATCH("Licorice",CropNames,0)),$G34>INDEX(Crops!$M$5:$M$22,MATCH("Licorice",CropNames,0))),"C+H",IF($F34<INDEX(Crops!$K$5:$K$22,MATCH("Licorice",CropNames,0)),"COLD",IF($G34>INDEX(Crops!$M$5:$M$22,MATCH("Licorice",CropNames,0)),"HEAT","✓ ok"))) -> ✓ ok | I34: =IF($C$9+$C34>SeasonEndDay,"✗ no",IF(SeasonEndDay-($C$9+$C34)<3,"barely","✓ yes")) -> ✓ yes | J34: =IF(MAX($C$17,$E$17,$G$17)-MIN($C$17,$E$17,$G$17)<=5,"ok",IF(INDEX(Crops!$G$5:$G$22,MATCH("Licorice",CropNames,0))="N",IF($C$17=MIN($C$17,$E$17,$G$17),"poor",IF($C$17=MAX($C$17,$E$17,$G$17),"great","ok")),IF(INDEX(Crops!$G$5:$G$22,MATCH("Licorice",CropNames,0))="P",IF($E$17=MIN($C$17,$E$17,$G$17),"poor",IF($E$17=MAX($C$17,$E$17,$G$17),"great","ok")),IF($G$17=MIN($C$17,$E$17,$G$17),"poor",IF($G$17=MAX($C$17,$E$17,$G$17),"great","ok"))))) -> ok | K34: =IF($E34>=15,"yes (carrot)",IF($E34>=8,"yes (turnip)",IF($E34>=4,"maybe","no"))) -> yes (turnip) | L34: =ROUND(11/$C34*100*IF(((IF(INDEX(Crops!$G$5:$G$22,MATCH("Licorice",CropNames,0))="N",$C$17,IF(INDEX(Crops!$G$5:$G$22,MATCH("Licorice",CropNames,0))="P",$E$17,$G$17)))+(MAX(0,IF(INDEX(Crops!$G$5:$G$22,MATCH("Licorice",CropNames,0))="N",$C$17,IF(INDEX(Crops!$G$5:$G$22,MATCH("Licorice",CropNames,0))="P",$E$17,$G$17))-MAX(0,INDEX(Crops!$H$5:$H$22,MATCH("Licorice",CropNames,0))-MIN(IF(INDEX(Crops!$G$5:$G$22,MATCH("Licorice",CropNames,0))="N",MIN(150,$C$18+IF($C$13,IFERROR(VLOOKUP($C$14,Fertilizers!$B$6:$E$9,2,FALSE()),0),0)),IF(INDEX(Crops!$G$5:$G$22,MATCH("Licorice",CropNames,0))="P",MIN(150,$E$18+IF($C$13,IFERROR(VLOOKUP($C$14,Fertilizers!$B$6:$E$9,3,FALSE()),0),0)),MIN(150,$G$18+IF($C$13,IFERROR(VLOOKUP($C$14,Fertilizers!$B$6:$E$9,4,FALSE()),0),0)))),0.25*$C34*TicksPerDay)))))/2>75,1.1,IF(((IF(INDEX(Crops!$G$5:$G$22,MATCH("Licorice",CropNames,0))="N",$C$17,IF(INDEX(Crops!$G$5:$G$22,MATCH("Licorice",CropNames,0))="P",$E$17,$G$17)))+(MAX(0,IF(INDEX(Crops!$G$5:$G$22,MATCH("Licorice",CropNames,0))="N",$C$17,IF(INDEX(Crops!$G$5:$G$22,MATCH("Licorice",CropNames,0))="P",$E$17,$G$17))-MAX(0,INDEX(Crops!$H$5:$H$22,MATCH("Licorice",CropNames,0))-MIN(IF(INDEX(Crops!$G$5:$G$22,MATCH("Licorice",CropNames,0))="N",MIN(150,$C$18+IF($C$13,IFERROR(VLOOKUP($C$14,Fertilizers!$B$6:$E$9,2,FALSE()),0),0)),IF(INDEX(Crops!$G$5:$G$22,MATCH("Licorice",CropNames,0))="P",MIN(150,$E$18+IF($C$13,IFERROR(VLOOKUP($C$14,Fertilizers!$B$6:$E$9,3,FALSE()),0),0)),MIN(150,$G$18+IF($C$13,IFERROR(VLOOKUP($C$14,Fertilizers!$B$6:$E$9,4,FALSE()),0),0)))),0.25*$C34*TicksPerDay)))))/2>50,1,IF(((IF(INDEX(Crops!$G$5:$G$22,MATCH("Licorice",CropNames,0))="N",$C$17,IF(INDEX(Crops!$G$5:$G$22,MATCH("Licorice",CropNames,0))="P",$E$17,$G$17)))+(MAX(0,IF(INDEX(Crops!$G$5:$G$22,MATCH("Licorice",CropNames,0))="N",$C$17,IF(INDEX(Crops!$G$5:$G$22,MATCH("Licorice",CropNames,0))="P",$E$17,$G$17))-MAX(0,INDEX(Crops!$H$5:$H$22,MATCH("Licorice",CropNames,0))-MIN(IF(INDEX(Crops!$G$5:$G$22,MATCH("Licorice",CropNames,0))="N",MIN(150,$C$18+IF($C$13,IFERROR(VLOOKUP($C$14,Fertilizers!$B$6:$E$9,2,FALSE()),0),0)),IF(INDEX(Crops!$G$5:$G$22,MATCH("Licorice",CropNames,0))="P",MIN(150,$E$18+IF($C$13,IFERROR(VLOOKUP($C$14,Fertilizers!$B$6:$E$9,3,FALSE()),0),0)),MIN(150,$G$18+IF($C$13,IFERROR(VLOOKUP($C$14,Fertilizers!$B$6:$E$9,4,FALSE()),0),0)))),0.25*$C34*TicksPerDay)))))/2>35,0.9,IF(((IF(INDEX(Crops!$G$5:$G$22,MATCH("Licorice",CropNames,0))="N",$C$17,IF(INDEX(Crops!$G$5:$G$22,MATCH("Licorice",CropNames,0))="P",$E$17,$G$17)))+(MAX(0,IF(INDEX(Crops!$G$5:$G$22,MATCH("Licorice",CropNames,0))="N",$C$17,IF(INDEX(Crops!$G$5:$G$22,MATCH("Licorice",CropNames,0))="P",$E$17,$G$17))-MAX(0,INDEX(Crops!$H$5:$H$22,MATCH("Licorice",CropNames,0))-MIN(IF(INDEX(Crops!$G$5:$G$22,MATCH("Licorice",CropNames,0))="N",MIN(150,$C$18+IF($C$13,IFERROR(VLOOKUP($C$14,Fertilizers!$B$6:$E$9,2,FALSE()),0),0)),IF(INDEX(Crops!$G$5:$G$22,MATCH("Licorice",CropNames,0))="P",MIN(150,$E$18+IF($C$13,IFERROR(VLOOKUP($C$14,Fertilizers!$B$6:$E$9,3,FALSE()),0),0)),MIN(150,$G$18+IF($C$13,IFERROR(VLOOKUP($C$14,Fertilizers!$B$6:$E$9,4,FALSE()),0),0)))),0.25*$C34*TicksPerDay)))))/2>20,0.6,IF(((IF(INDEX(Crops!$G$5:$G$22,MATCH("Licorice",CropNames,0))="N",$C$17,IF(INDEX(Crops!$G$5:$G$22,MATCH("Licorice",CropNames,0))="P",$E$17,$G$17)))+(MAX(0,IF(INDEX(Crops!$G$5:$G$22,MATCH("Licorice",CropNames,0))="N",$C$17,IF(INDEX(Crops!$G$5:$G$22,MATCH("Licorice",CropNames,0))="P",$E$17,$G$17))-MAX(0,INDEX(Crops!$H$5:$H$22,MATCH("Licorice",CropNames,0))-MIN(IF(INDEX(Crops!$G$5:$G$22,MATCH("Licorice",CropNames,0))="N",MIN(150,$C$18+IF($C$13,IFERROR(VLOOKUP($C$14,Fertilizers!$B$6:$E$9,2,FALSE()),0),0)),IF(INDEX(Crops!$G$5:$G$22,MATCH("Licorice",CropNames,0))="P",MIN(150,$E$18+IF($C$13,IFERROR(VLOOKUP($C$14,Fertilizers!$B$6:$E$9,3,FALSE()),0),0)),MIN(150,$G$18+IF($C$13,IFERROR(VLOOKUP($C$14,Fertilizers!$B$6:$E$9,4,FALSE()),0),0)))),0.25*$C34*TicksPerDay)))))/2>5,0.3,0.1)))))*IF($I34="✓ yes",1,IF($I34="barely",0.6,0))*IF($H34="✓ ok",1,IFERROR(IF(ISBLANK(INDEX(Crops!$O$5:$O$22,MATCH("Licorice",CropNames,0))),DefaultStuntMul,INDEX(Crops!$O$5:$O$22,MATCH("Licorice",CropNames,0))),DefaultStuntMul))*IF($J34="poor",0.7,IF($J34="great",1.2,1))*IF(LEFT($K34,3)="yes",1.3,IF($K34="maybe",1.1,1)),1) -> 53.6 | M34: =IF($I34="✗ no","won't finish",IF($H34="✓ ok",IF($L34>=RANK_TOP3,"top pick",IF($L34>=RANK_TOP10,"good","ok")),"risk: "&$H34)) -> good
B35: Onion | C35: =INDEX(Crops!$F$5:$F$22,MATCH("Onion",CropNames,0)) -> 13.86 | D35: =$C$9&"→"&IF(ROUND($C$9+$C35,0)>DaysPerYear,ROUND($C$9+$C35-DaysPerYear,0),ROUND($C$9+$C35,0)) -> 50→64 | E35: =MAX(0,ROUND(SeasonEndDay-($C$9+$C35),0)) -> 20 | F35: =IF($C$11,IF(ROUND($C$9+$C35,0)<=DaysPerYear,MIN(INDEX(Climate!$H$5:$H$112,$C$9):INDEX(Climate!$H$5:$H$112,ROUND($C$9+$C35,0))),MIN(MIN(INDEX(Climate!$H$5:$H$112,$C$9):INDEX(Climate!$H$5:$H$112,ClimateRows)),MIN(INDEX(Climate!$H$5:$H$112,1):INDEX(Climate!$H$5:$H$112,ROUND($C$9+$C35-DaysPerYear,0))))),IF(ROUND($C$9+$C35,0)<=DaysPerYear,MIN(INDEX(Climate!$E$5:$E$112,$C$9):INDEX(Climate!$E$5:$E$112,ROUND($C$9+$C35,0))),MIN(MIN(INDEX(Climate!$E$5:$E$112,$C$9):INDEX(Climate!$E$5:$E$112,ClimateRows)),MIN(INDEX(Climate!$E$5:$E$112,1):INDEX(Climate!$E$5:$E$112,ROUND($C$9+$C35-DaysPerYear,0)))))) -> 4.66 | G35: =IF($C$11,IF(ROUND($C$9+$C35,0)<=DaysPerYear,MAX(INDEX(Climate!$I$5:$I$112,$C$9):INDEX(Climate!$I$5:$I$112,ROUND($C$9+$C35,0))),MAX(MAX(INDEX(Climate!$I$5:$I$112,$C$9):INDEX(Climate!$I$5:$I$112,ClimateRows)),MAX(INDEX(Climate!$I$5:$I$112,1):INDEX(Climate!$I$5:$I$112,ROUND($C$9+$C35-DaysPerYear,0))))),IF(ROUND($C$9+$C35,0)<=DaysPerYear,MAX(INDEX(Climate!$F$5:$F$112,$C$9):INDEX(Climate!$F$5:$F$112,ROUND($C$9+$C35,0))),MAX(MAX(INDEX(Climate!$F$5:$F$112,$C$9):INDEX(Climate!$F$5:$F$112,ClimateRows)),MAX(INDEX(Climate!$F$5:$F$112,1):INDEX(Climate!$F$5:$F$112,ROUND($C$9+$C35-DaysPerYear,0)))))) -> 24.64 | H35: =IF(AND($F35<INDEX(Crops!$K$5:$K$22,MATCH("Onion",CropNames,0)),$G35>INDEX(Crops!$M$5:$M$22,MATCH("Onion",CropNames,0))),"C+H",IF($F35<INDEX(Crops!$K$5:$K$22,MATCH("Onion",CropNames,0)),"COLD",IF($G35>INDEX(Crops!$M$5:$M$22,MATCH("Onion",CropNames,0)),"HEAT","✓ ok"))) -> ✓ ok | I35: =IF($C$9+$C35>SeasonEndDay,"✗ no",IF(SeasonEndDay-($C$9+$C35)<3,"barely","✓ yes")) -> ✓ yes | J35: =IF(MAX($C$17,$E$17,$G$17)-MIN($C$17,$E$17,$G$17)<=5,"ok",IF(INDEX(Crops!$G$5:$G$22,MATCH("Onion",CropNames,0))="N",IF($C$17=MIN($C$17,$E$17,$G$17),"poor",IF($C$17=MAX($C$17,$E$17,$G$17),"great","ok")),IF(INDEX(Crops!$G$5:$G$22,MATCH("Onion",CropNames,0))="P",IF($E$17=MIN($C$17,$E$17,$G$17),"poor",IF($E$17=MAX($C$17,$E$17,$G$17),"great","ok")),IF($G$17=MIN($C$17,$E$17,$G$17),"poor",IF($G$17=MAX($C$17,$E$17,$G$17),"great","ok"))))) -> ok | K35: =IF($E35>=15,"yes (carrot)",IF($E35>=8,"yes (turnip)",IF($E35>=4,"maybe","no"))) -> yes (carrot) | L35: =ROUND(12/$C35*100*IF(((IF(INDEX(Crops!$G$5:$G$22,MATCH("Onion",CropNames,0))="N",$C$17,IF(INDEX(Crops!$G$5:$G$22,MATCH("Onion",CropNames,0))="P",$E$17,$G$17)))+(MAX(0,IF(INDEX(Crops!$G$5:$G$22,MATCH("Onion",CropNames,0))="N",$C$17,IF(INDEX(Crops!$G$5:$G$22,MATCH("Onion",CropNames,0))="P",$E$17,$G$17))-MAX(0,INDEX(Crops!$H$5:$H$22,MATCH("Onion",CropNames,0))-MIN(IF(INDEX(Crops!$G$5:$G$22,MATCH("Onion",CropNames,0))="N",MIN(150,$C$18+IF($C$13,IFERROR(VLOOKUP($C$14,Fertilizers!$B$6:$E$9,2,FALSE()),0),0)),IF(INDEX(Crops!$G$5:$G$22,MATCH("Onion",CropNames,0))="P",MIN(150,$E$18+IF($C$13,IFERROR(VLOOKUP($C$14,Fertilizers!$B$6:$E$9,3,FALSE()),0),0)),MIN(150,$G$18+IF($C$13,IFERROR(VLOOKUP($C$14,Fertilizers!$B$6:$E$9,4,FALSE()),0),0)))),0.25*$C35*TicksPerDay)))))/2>75,1.1,IF(((IF(INDEX(Crops!$G$5:$G$22,MATCH("Onion",CropNames,0))="N",$C$17,IF(INDEX(Crops!$G$5:$G$22,MATCH("Onion",CropNames,0))="P",$E$17,$G$17)))+(MAX(0,IF(INDEX(Crops!$G$5:$G$22,MATCH("Onion",CropNames,0))="N",$C$17,IF(INDEX(Crops!$G$5:$G$22,MATCH("Onion",CropNames,0))="P",$E$17,$G$17))-MAX(0,INDEX(Crops!$H$5:$H$22,MATCH("Onion",CropNames,0))-MIN(IF(INDEX(Crops!$G$5:$G$22,MATCH("Onion",CropNames,0))="N",MIN(150,$C$18+IF($C$13,IFERROR(VLOOKUP($C$14,Fertilizers!$B$6:$E$9,2,FALSE()),0),0)),IF(INDEX(Crops!$G$5:$G$22,MATCH("Onion",CropNames,0))="P",MIN(150,$E$18+IF($C$13,IFERROR(VLOOKUP($C$14,Fertilizers!$B$6:$E$9,3,FALSE()),0),0)),MIN(150,$G$18+IF($C$13,IFERROR(VLOOKUP($C$14,Fertilizers!$B$6:$E$9,4,FALSE()),0),0)))),0.25*$C35*TicksPerDay)))))/2>50,1,IF(((IF(INDEX(Crops!$G$5:$G$22,MATCH("Onion",CropNames,0))="N",$C$17,IF(INDEX(Crops!$G$5:$G$22,MATCH("Onion",CropNames,0))="P",$E$17,$G$17)))+(MAX(0,IF(INDEX(Crops!$G$5:$G$22,MATCH("Onion",CropNames,0))="N",$C$17,IF(INDEX(Crops!$G$5:$G$22,MATCH("Onion",CropNames,0))="P",$E$17,$G$17))-MAX(0,INDEX(Crops!$H$5:$H$22,MATCH("Onion",CropNames,0))-MIN(IF(INDEX(Crops!$G$5:$G$22,MATCH("Onion",CropNames,0))="N",MIN(150,$C$18+IF($C$13,IFERROR(VLOOKUP($C$14,Fertilizers!$B$6:$E$9,2,FALSE()),0),0)),IF(INDEX(Crops!$G$5:$G$22,MATCH("Onion",CropNames,0))="P",MIN(150,$E$18+IF($C$13,IFERROR(VLOOKUP($C$14,Fertilizers!$B$6:$E$9,3,FALSE()),0),0)),MIN(150,$G$18+IF($C$13,IFERROR(VLOOKUP($C$14,Fertilizers!$B$6:$E$9,4,FALSE()),0),0)))),0.25*$C35*TicksPerDay)))))/2>35,0.9,IF(((IF(INDEX(Crops!$G$5:$G$22,MATCH("Onion",CropNames,0))="N",$C$17,IF(INDEX(Crops!$G$5:$G$22,MATCH("Onion",CropNames,0))="P",$E$17,$G$17)))+(MAX(0,IF(INDEX(Crops!$G$5:$G$22,MATCH("Onion",CropNames,0))="N",$C$17,IF(INDEX(Crops!$G$5:$G$22,MATCH("Onion",CropNames,0))="P",$E$17,$G$17))-MAX(0,INDEX(Crops!$H$5:$H$22,MATCH("Onion",CropNames,0))-MIN(IF(INDEX(Crops!$G$5:$G$22,MATCH("Onion",CropNames,0))="N",MIN(150,$C$18+IF($C$13,IFERROR(VLOOKUP($C$14,Fertilizers!$B$6:$E$9,2,FALSE()),0),0)),IF(INDEX(Crops!$G$5:$G$22,MATCH("Onion",CropNames,0))="P",MIN(150,$E$18+IF($C$13,IFERROR(VLOOKUP($C$14,Fertilizers!$B$6:$E$9,3,FALSE()),0),0)),MIN(150,$G$18+IF($C$13,IFERROR(VLOOKUP($C$14,Fertilizers!$B$6:$E$9,4,FALSE()),0),0)))),0.25*$C35*TicksPerDay)))))/2>20,0.6,IF(((IF(INDEX(Crops!$G$5:$G$22,MATCH("Onion",CropNames,0))="N",$C$17,IF(INDEX(Crops!$G$5:$G$22,MATCH("Onion",CropNames,0))="P",$E$17,$G$17)))+(MAX(0,IF(INDEX(Crops!$G$5:$G$22,MATCH("Onion",CropNames,0))="N",$C$17,IF(INDEX(Crops!$G$5:$G$22,MATCH("Onion",CropNames,0))="P",$E$17,$G$17))-MAX(0,INDEX(Crops!$H$5:$H$22,MATCH("Onion",CropNames,0))-MIN(IF(INDEX(Crops!$G$5:$G$22,MATCH("Onion",CropNames,0))="N",MIN(150,$C$18+IF($C$13,IFERROR(VLOOKUP($C$14,Fertilizers!$B$6:$E$9,2,FALSE()),0),0)),IF(INDEX(Crops!$G$5:$G$22,MATCH("Onion",CropNames,0))="P",MIN(150,$E$18+IF($C$13,IFERROR(VLOOKUP($C$14,Fertilizers!$B$6:$E$9,3,FALSE()),0),0)),MIN(150,$G$18+IF($C$13,IFERROR(VLOOKUP($C$14,Fertilizers!$B$6:$E$9,4,FALSE()),0),0)))),0.25*$C35*TicksPerDay)))))/2>5,0.3,0.1)))))*IF($I35="✓ yes",1,IF($I35="barely",0.6,0))*IF($H35="✓ ok",1,IFERROR(IF(ISBLANK(INDEX(Crops!$O$5:$O$22,MATCH("Onion",CropNames,0))),DefaultStuntMul,INDEX(Crops!$O$5:$O$22,MATCH("Onion",CropNames,0))),DefaultStuntMul))*IF($J35="poor",0.7,IF($J35="great",1.2,1))*IF(LEFT($K35,3)="yes",1.3,IF($K35="maybe",1.1,1)),1) -> 101.3 | M35: =IF($I35="✗ no","won't finish",IF($H35="✓ ok",IF($L35>=RANK_TOP3,"top pick",IF($L35>=RANK_TOP10,"good","ok")),"risk: "&$H35)) -> top pick
B36: Turnip | C36: =INDEX(Crops!$F$5:$F$22,MATCH("Turnip",CropNames,0)) -> 7.2 | D36: =$C$9&"→"&IF(ROUND($C$9+$C36,0)>DaysPerYear,ROUND($C$9+$C36-DaysPerYear,0),ROUND($C$9+$C36,0)) -> 50→57 | E36: =MAX(0,ROUND(SeasonEndDay-($C$9+$C36),0)) -> 27 | F36: =IF($C$11,IF(ROUND($C$9+$C36,0)<=DaysPerYear,MIN(INDEX(Climate!$H$5:$H$112,$C$9):INDEX(Climate!$H$5:$H$112,ROUND($C$9+$C36,0))),MIN(MIN(INDEX(Climate!$H$5:$H$112,$C$9):INDEX(Climate!$H$5:$H$112,ClimateRows)),MIN(INDEX(Climate!$H$5:$H$112,1):INDEX(Climate!$H$5:$H$112,ROUND($C$9+$C36-DaysPerYear,0))))),IF(ROUND($C$9+$C36,0)<=DaysPerYear,MIN(INDEX(Climate!$E$5:$E$112,$C$9):INDEX(Climate!$E$5:$E$112,ROUND($C$9+$C36,0))),MIN(MIN(INDEX(Climate!$E$5:$E$112,$C$9):INDEX(Climate!$E$5:$E$112,ClimateRows)),MIN(INDEX(Climate!$E$5:$E$112,1):INDEX(Climate!$E$5:$E$112,ROUND($C$9+$C36-DaysPerYear,0)))))) -> 4.66 | G36: =IF($C$11,IF(ROUND($C$9+$C36,0)<=DaysPerYear,MAX(INDEX(Climate!$I$5:$I$112,$C$9):INDEX(Climate!$I$5:$I$112,ROUND($C$9+$C36,0))),MAX(MAX(INDEX(Climate!$I$5:$I$112,$C$9):INDEX(Climate!$I$5:$I$112,ClimateRows)),MAX(INDEX(Climate!$I$5:$I$112,1):INDEX(Climate!$I$5:$I$112,ROUND($C$9+$C36-DaysPerYear,0))))),IF(ROUND($C$9+$C36,0)<=DaysPerYear,MAX(INDEX(Climate!$F$5:$F$112,$C$9):INDEX(Climate!$F$5:$F$112,ROUND($C$9+$C36,0))),MAX(MAX(INDEX(Climate!$F$5:$F$112,$C$9):INDEX(Climate!$F$5:$F$112,ClimateRows)),MAX(INDEX(Climate!$F$5:$F$112,1):INDEX(Climate!$F$5:$F$112,ROUND($C$9+$C36-DaysPerYear,0)))))) -> 24.07 | H36: =IF(AND($F36<INDEX(Crops!$K$5:$K$22,MATCH("Turnip",CropNames,0)),$G36>INDEX(Crops!$M$5:$M$22,MATCH("Turnip",CropNames,0))),"C+H",IF($F36<INDEX(Crops!$K$5:$K$22,MATCH("Turnip",CropNames,0)),"COLD",IF($G36>INDEX(Crops!$M$5:$M$22,MATCH("Turnip",CropNames,0)),"HEAT","✓ ok"))) -> ✓ ok | I36: =IF($C$9+$C36>SeasonEndDay,"✗ no",IF(SeasonEndDay-($C$9+$C36)<3,"barely","✓ yes")) -> ✓ yes | J36: =IF(MAX($C$17,$E$17,$G$17)-MIN($C$17,$E$17,$G$17)<=5,"ok",IF(INDEX(Crops!$G$5:$G$22,MATCH("Turnip",CropNames,0))="N",IF($C$17=MIN($C$17,$E$17,$G$17),"poor",IF($C$17=MAX($C$17,$E$17,$G$17),"great","ok")),IF(INDEX(Crops!$G$5:$G$22,MATCH("Turnip",CropNames,0))="P",IF($E$17=MIN($C$17,$E$17,$G$17),"poor",IF($E$17=MAX($C$17,$E$17,$G$17),"great","ok")),IF($G$17=MIN($C$17,$E$17,$G$17),"poor",IF($G$17=MAX($C$17,$E$17,$G$17),"great","ok"))))) -> ok | K36: =IF($E36>=15,"yes (carrot)",IF($E36>=8,"yes (turnip)",IF($E36>=4,"maybe","no"))) -> yes (carrot) | L36: =ROUND(7/$C36*100*IF(((IF(INDEX(Crops!$G$5:$G$22,MATCH("Turnip",CropNames,0))="N",$C$17,IF(INDEX(Crops!$G$5:$G$22,MATCH("Turnip",CropNames,0))="P",$E$17,$G$17)))+(MAX(0,IF(INDEX(Crops!$G$5:$G$22,MATCH("Turnip",CropNames,0))="N",$C$17,IF(INDEX(Crops!$G$5:$G$22,MATCH("Turnip",CropNames,0))="P",$E$17,$G$17))-MAX(0,INDEX(Crops!$H$5:$H$22,MATCH("Turnip",CropNames,0))-MIN(IF(INDEX(Crops!$G$5:$G$22,MATCH("Turnip",CropNames,0))="N",MIN(150,$C$18+IF($C$13,IFERROR(VLOOKUP($C$14,Fertilizers!$B$6:$E$9,2,FALSE()),0),0)),IF(INDEX(Crops!$G$5:$G$22,MATCH("Turnip",CropNames,0))="P",MIN(150,$E$18+IF($C$13,IFERROR(VLOOKUP($C$14,Fertilizers!$B$6:$E$9,3,FALSE()),0),0)),MIN(150,$G$18+IF($C$13,IFERROR(VLOOKUP($C$14,Fertilizers!$B$6:$E$9,4,FALSE()),0),0)))),0.25*$C36*TicksPerDay)))))/2>75,1.1,IF(((IF(INDEX(Crops!$G$5:$G$22,MATCH("Turnip",CropNames,0))="N",$C$17,IF(INDEX(Crops!$G$5:$G$22,MATCH("Turnip",CropNames,0))="P",$E$17,$G$17)))+(MAX(0,IF(INDEX(Crops!$G$5:$G$22,MATCH("Turnip",CropNames,0))="N",$C$17,IF(INDEX(Crops!$G$5:$G$22,MATCH("Turnip",CropNames,0))="P",$E$17,$G$17))-MAX(0,INDEX(Crops!$H$5:$H$22,MATCH("Turnip",CropNames,0))-MIN(IF(INDEX(Crops!$G$5:$G$22,MATCH("Turnip",CropNames,0))="N",MIN(150,$C$18+IF($C$13,IFERROR(VLOOKUP($C$14,Fertilizers!$B$6:$E$9,2,FALSE()),0),0)),IF(INDEX(Crops!$G$5:$G$22,MATCH("Turnip",CropNames,0))="P",MIN(150,$E$18+IF($C$13,IFERROR(VLOOKUP($C$14,Fertilizers!$B$6:$E$9,3,FALSE()),0),0)),MIN(150,$G$18+IF($C$13,IFERROR(VLOOKUP($C$14,Fertilizers!$B$6:$E$9,4,FALSE()),0),0)))),0.25*$C36*TicksPerDay)))))/2>50,1,IF(((IF(INDEX(Crops!$G$5:$G$22,MATCH("Turnip",CropNames,0))="N",$C$17,IF(INDEX(Crops!$G$5:$G$22,MATCH("Turnip",CropNames,0))="P",$E$17,$G$17)))+(MAX(0,IF(INDEX(Crops!$G$5:$G$22,MATCH("Turnip",CropNames,0))="N",$C$17,IF(INDEX(Crops!$G$5:$G$22,MATCH("Turnip",CropNames,0))="P",$E$17,$G$17))-MAX(0,INDEX(Crops!$H$5:$H$22,MATCH("Turnip",CropNames,0))-MIN(IF(INDEX(Crops!$G$5:$G$22,MATCH("Turnip",CropNames,0))="N",MIN(150,$C$18+IF($C$13,IFERROR(VLOOKUP($C$14,Fertilizers!$B$6:$E$9,2,FALSE()),0),0)),IF(INDEX(Crops!$G$5:$G$22,MATCH("Turnip",CropNames,0))="P",MIN(150,$E$18+IF($C$13,IFERROR(VLOOKUP($C$14,Fertilizers!$B$6:$E$9,3,FALSE()),0),0)),MIN(150,$G$18+IF($C$13,IFERROR(VLOOKUP($C$14,Fertilizers!$B$6:$E$9,4,FALSE()),0),0)))),0.25*$C36*TicksPerDay)))))/2>35,0.9,IF(((IF(INDEX(Crops!$G$5:$G$22,MATCH("Turnip",CropNames,0))="N",$C$17,IF(INDEX(Crops!$G$5:$G$22,MATCH("Turnip",CropNames,0))="P",$E$17,$G$17)))+(MAX(0,IF(INDEX(Crops!$G$5:$G$22,MATCH("Turnip",CropNames,0))="N",$C$17,IF(INDEX(Crops!$G$5:$G$22,MATCH("Turnip",CropNames,0))="P",$E$17,$G$17))-MAX(0,INDEX(Crops!$H$5:$H$22,MATCH("Turnip",CropNames,0))-MIN(IF(INDEX(Crops!$G$5:$G$22,MATCH("Turnip",CropNames,0))="N",MIN(150,$C$18+IF($C$13,IFERROR(VLOOKUP($C$14,Fertilizers!$B$6:$E$9,2,FALSE()),0),0)),IF(INDEX(Crops!$G$5:$G$22,MATCH("Turnip",CropNames,0))="P",MIN(150,$E$18+IF($C$13,IFERROR(VLOOKUP($C$14,Fertilizers!$B$6:$E$9,3,FALSE()),0),0)),MIN(150,$G$18+IF($C$13,IFERROR(VLOOKUP($C$14,Fertilizers!$B$6:$E$9,4,FALSE()),0),0)))),0.25*$C36*TicksPerDay)))))/2>20,0.6,IF(((IF(INDEX(Crops!$G$5:$G$22,MATCH("Turnip",CropNames,0))="N",$C$17,IF(INDEX(Crops!$G$5:$G$22,MATCH("Turnip",CropNames,0))="P",$E$17,$G$17)))+(MAX(0,IF(INDEX(Crops!$G$5:$G$22,MATCH("Turnip",CropNames,0))="N",$C$17,IF(INDEX(Crops!$G$5:$G$22,MATCH("Turnip",CropNames,0))="P",$E$17,$G$17))-MAX(0,INDEX(Crops!$H$5:$H$22,MATCH("Turnip",CropNames,0))-MIN(IF(INDEX(Crops!$G$5:$G$22,MATCH("Turnip",CropNames,0))="N",MIN(150,$C$18+IF($C$13,IFERROR(VLOOKUP($C$14,Fertilizers!$B$6:$E$9,2,FALSE()),0),0)),IF(INDEX(Crops!$G$5:$G$22,MATCH("Turnip",CropNames,0))="P",MIN(150,$E$18+IF($C$13,IFERROR(VLOOKUP($C$14,Fertilizers!$B$6:$E$9,3,FALSE()),0),0)),MIN(150,$G$18+IF($C$13,IFERROR(VLOOKUP($C$14,Fertilizers!$B$6:$E$9,4,FALSE()),0),0)))),0.25*$C36*TicksPerDay)))))/2>5,0.3,0.1)))))*IF($I36="✓ yes",1,IF($I36="barely",0.6,0))*IF($H36="✓ ok",1,IFERROR(IF(ISBLANK(INDEX(Crops!$O$5:$O$22,MATCH("Turnip",CropNames,0))),DefaultStuntMul,INDEX(Crops!$O$5:$O$22,MATCH("Turnip",CropNames,0))),DefaultStuntMul))*IF($J36="poor",0.7,IF($J36="great",1.2,1))*IF(LEFT($K36,3)="yes",1.3,IF($K36="maybe",1.1,1)),1) -> 126.4 | M36: =IF($I36="✗ no","won't finish",IF($H36="✓ ok",IF($L36>=RANK_TOP3,"top pick",IF($L36>=RANK_TOP10,"good","ok")),"risk: "&$H36)) -> top pick
B37: Cabbage | C37: =INDEX(Crops!$F$5:$F$22,MATCH("Cabbage",CropNames,0)) -> 12.375 | D37: =$C$9&"→"&IF(ROUND($C$9+$C37,0)>DaysPerYear,ROUND($C$9+$C37-DaysPerYear,0),ROUND($C$9+$C37,0)) -> 50→62 | E37: =MAX(0,ROUND(SeasonEndDay-($C$9+$C37),0)) -> 22 | F37: =IF($C$11,IF(ROUND($C$9+$C37,0)<=DaysPerYear,MIN(INDEX(Climate!$H$5:$H$112,$C$9):INDEX(Climate!$H$5:$H$112,ROUND($C$9+$C37,0))),MIN(MIN(INDEX(Climate!$H$5:$H$112,$C$9):INDEX(Climate!$H$5:$H$112,ClimateRows)),MIN(INDEX(Climate!$H$5:$H$112,1):INDEX(Climate!$H$5:$H$112,ROUND($C$9+$C37-DaysPerYear,0))))),IF(ROUND($C$9+$C37,0)<=DaysPerYear,MIN(INDEX(Climate!$E$5:$E$112,$C$9):INDEX(Climate!$E$5:$E$112,ROUND($C$9+$C37,0))),MIN(MIN(INDEX(Climate!$E$5:$E$112,$C$9):INDEX(Climate!$E$5:$E$112,ClimateRows)),MIN(INDEX(Climate!$E$5:$E$112,1):INDEX(Climate!$E$5:$E$112,ROUND($C$9+$C37-DaysPerYear,0)))))) -> 4.66 | G37: =IF($C$11,IF(ROUND($C$9+$C37,0)<=DaysPerYear,MAX(INDEX(Climate!$I$5:$I$112,$C$9):INDEX(Climate!$I$5:$I$112,ROUND($C$9+$C37,0))),MAX(MAX(INDEX(Climate!$I$5:$I$112,$C$9):INDEX(Climate!$I$5:$I$112,ClimateRows)),MAX(INDEX(Climate!$I$5:$I$112,1):INDEX(Climate!$I$5:$I$112,ROUND($C$9+$C37-DaysPerYear,0))))),IF(ROUND($C$9+$C37,0)<=DaysPerYear,MAX(INDEX(Climate!$F$5:$F$112,$C$9):INDEX(Climate!$F$5:$F$112,ROUND($C$9+$C37,0))),MAX(MAX(INDEX(Climate!$F$5:$F$112,$C$9):INDEX(Climate!$F$5:$F$112,ClimateRows)),MAX(INDEX(Climate!$F$5:$F$112,1):INDEX(Climate!$F$5:$F$112,ROUND($C$9+$C37-DaysPerYear,0)))))) -> 24.64 | H37: =IF(AND($F37<INDEX(Crops!$K$5:$K$22,MATCH("Cabbage",CropNames,0)),$G37>INDEX(Crops!$M$5:$M$22,MATCH("Cabbage",CropNames,0))),"C+H",IF($F37<INDEX(Crops!$K$5:$K$22,MATCH("Cabbage",CropNames,0)),"COLD",IF($G37>INDEX(Crops!$M$5:$M$22,MATCH("Cabbage",CropNames,0)),"HEAT","✓ ok"))) -> ✓ ok | I37: =IF($C$9+$C37>SeasonEndDay,"✗ no",IF(SeasonEndDay-($C$9+$C37)<3,"barely","✓ yes")) -> ✓ yes | J37: =IF(MAX($C$17,$E$17,$G$17)-MIN($C$17,$E$17,$G$17)<=5,"ok",IF(INDEX(Crops!$G$5:$G$22,MATCH("Cabbage",CropNames,0))="N",IF($C$17=MIN($C$17,$E$17,$G$17),"poor",IF($C$17=MAX($C$17,$E$17,$G$17),"great","ok")),IF(INDEX(Crops!$G$5:$G$22,MATCH("Cabbage",CropNames,0))="P",IF($E$17=MIN($C$17,$E$17,$G$17),"poor",IF($E$17=MAX($C$17,$E$17,$G$17),"great","ok")),IF($G$17=MIN($C$17,$E$17,$G$17),"poor",IF($G$17=MAX($C$17,$E$17,$G$17),"great","ok"))))) -> ok | K37: =IF($E37>=15,"yes (carrot)",IF($E37>=8,"yes (turnip)",IF($E37>=4,"maybe","no"))) -> yes (carrot) | L37: =ROUND(2/$C37*100*IF(((IF(INDEX(Crops!$G$5:$G$22,MATCH("Cabbage",CropNames,0))="N",$C$17,IF(INDEX(Crops!$G$5:$G$22,MATCH("Cabbage",CropNames,0))="P",$E$17,$G$17)))+(MAX(0,IF(INDEX(Crops!$G$5:$G$22,MATCH("Cabbage",CropNames,0))="N",$C$17,IF(INDEX(Crops!$G$5:$G$22,MATCH("Cabbage",CropNames,0))="P",$E$17,$G$17))-MAX(0,INDEX(Crops!$H$5:$H$22,MATCH("Cabbage",CropNames,0))-MIN(IF(INDEX(Crops!$G$5:$G$22,MATCH("Cabbage",CropNames,0))="N",MIN(150,$C$18+IF($C$13,IFERROR(VLOOKUP($C$14,Fertilizers!$B$6:$E$9,2,FALSE()),0),0)),IF(INDEX(Crops!$G$5:$G$22,MATCH("Cabbage",CropNames,0))="P",MIN(150,$E$18+IF($C$13,IFERROR(VLOOKUP($C$14,Fertilizers!$B$6:$E$9,3,FALSE()),0),0)),MIN(150,$G$18+IF($C$13,IFERROR(VLOOKUP($C$14,Fertilizers!$B$6:$E$9,4,FALSE()),0),0)))),0.25*$C37*TicksPerDay)))))/2>75,1.1,IF(((IF(INDEX(Crops!$G$5:$G$22,MATCH("Cabbage",CropNames,0))="N",$C$17,IF(INDEX(Crops!$G$5:$G$22,MATCH("Cabbage",CropNames,0))="P",$E$17,$G$17)))+(MAX(0,IF(INDEX(Crops!$G$5:$G$22,MATCH("Cabbage",CropNames,0))="N",$C$17,IF(INDEX(Crops!$G$5:$G$22,MATCH("Cabbage",CropNames,0))="P",$E$17,$G$17))-MAX(0,INDEX(Crops!$H$5:$H$22,MATCH("Cabbage",CropNames,0))-MIN(IF(INDEX(Crops!$G$5:$G$22,MATCH("Cabbage",CropNames,0))="N",MIN(150,$C$18+IF($C$13,IFERROR(VLOOKUP($C$14,Fertilizers!$B$6:$E$9,2,FALSE()),0),0)),IF(INDEX(Crops!$G$5:$G$22,MATCH("Cabbage",CropNames,0))="P",MIN(150,$E$18+IF($C$13,IFERROR(VLOOKUP($C$14,Fertilizers!$B$6:$E$9,3,FALSE()),0),0)),MIN(150,$G$18+IF($C$13,IFERROR(VLOOKUP($C$14,Fertilizers!$B$6:$E$9,4,FALSE()),0),0)))),0.25*$C37*TicksPerDay)))))/2>50,1,IF(((IF(INDEX(Crops!$G$5:$G$22,MATCH("Cabbage",CropNames,0))="N",$C$17,IF(INDEX(Crops!$G$5:$G$22,MATCH("Cabbage",CropNames,0))="P",$E$17,$G$17)))+(MAX(0,IF(INDEX(Crops!$G$5:$G$22,MATCH("Cabbage",CropNames,0))="N",$C$17,IF(INDEX(Crops!$G$5:$G$22,MATCH("Cabbage",CropNames,0))="P",$E$17,$G$17))-MAX(0,INDEX(Crops!$H$5:$H$22,MATCH("Cabbage",CropNames,0))-MIN(IF(INDEX(Crops!$G$5:$G$22,MATCH("Cabbage",CropNames,0))="N",MIN(150,$C$18+IF($C$13,IFERROR(VLOOKUP($C$14,Fertilizers!$B$6:$E$9,2,FALSE()),0),0)),IF(INDEX(Crops!$G$5:$G$22,MATCH("Cabbage",CropNames,0))="P",MIN(150,$E$18+IF($C$13,IFERROR(VLOOKUP($C$14,Fertilizers!$B$6:$E$9,3,FALSE()),0),0)),MIN(150,$G$18+IF($C$13,IFERROR(VLOOKUP($C$14,Fertilizers!$B$6:$E$9,4,FALSE()),0),0)))),0.25*$C37*TicksPerDay)))))/2>35,0.9,IF(((IF(INDEX(Crops!$G$5:$G$22,MATCH("Cabbage",CropNames,0))="N",$C$17,IF(INDEX(Crops!$G$5:$G$22,MATCH("Cabbage",CropNames,0))="P",$E$17,$G$17)))+(MAX(0,IF(INDEX(Crops!$G$5:$G$22,MATCH("Cabbage",CropNames,0))="N",$C$17,IF(INDEX(Crops!$G$5:$G$22,MATCH("Cabbage",CropNames,0))="P",$E$17,$G$17))-MAX(0,INDEX(Crops!$H$5:$H$22,MATCH("Cabbage",CropNames,0))-MIN(IF(INDEX(Crops!$G$5:$G$22,MATCH("Cabbage",CropNames,0))="N",MIN(150,$C$18+IF($C$13,IFERROR(VLOOKUP($C$14,Fertilizers!$B$6:$E$9,2,FALSE()),0),0)),IF(INDEX(Crops!$G$5:$G$22,MATCH("Cabbage",CropNames,0))="P",MIN(150,$E$18+IF($C$13,IFERROR(VLOOKUP($C$14,Fertilizers!$B$6:$E$9,3,FALSE()),0),0)),MIN(150,$G$18+IF($C$13,IFERROR(VLOOKUP($C$14,Fertilizers!$B$6:$E$9,4,FALSE()),0),0)))),0.25*$C37*TicksPerDay)))))/2>20,0.6,IF(((IF(INDEX(Crops!$G$5:$G$22,MATCH("Cabbage",CropNames,0))="N",$C$17,IF(INDEX(Crops!$G$5:$G$22,MATCH("Cabbage",CropNames,0))="P",$E$17,$G$17)))+(MAX(0,IF(INDEX(Crops!$G$5:$G$22,MATCH("Cabbage",CropNames,0))="N",$C$17,IF(INDEX(Crops!$G$5:$G$22,MATCH("Cabbage",CropNames,0))="P",$E$17,$G$17))-MAX(0,INDEX(Crops!$H$5:$H$22,MATCH("Cabbage",CropNames,0))-MIN(IF(INDEX(Crops!$G$5:$G$22,MATCH("Cabbage",CropNames,0))="N",MIN(150,$C$18+IF($C$13,IFERROR(VLOOKUP($C$14,Fertilizers!$B$6:$E$9,2,FALSE()),0),0)),IF(INDEX(Crops!$G$5:$G$22,MATCH("Cabbage",CropNames,0))="P",MIN(150,$E$18+IF($C$13,IFERROR(VLOOKUP($C$14,Fertilizers!$B$6:$E$9,3,FALSE()),0),0)),MIN(150,$G$18+IF($C$13,IFERROR(VLOOKUP($C$14,Fertilizers!$B$6:$E$9,4,FALSE()),0),0)))),0.25*$C37*TicksPerDay)))))/2>5,0.3,0.1)))))*IF($I37="✓ yes",1,IF($I37="barely",0.6,0))*IF($H37="✓ ok",1,IFERROR(IF(ISBLANK(INDEX(Crops!$O$5:$O$22,MATCH("Cabbage",CropNames,0))),DefaultStuntMul,INDEX(Crops!$O$5:$O$22,MATCH("Cabbage",CropNames,0))),DefaultStuntMul))*IF($J37="poor",0.7,IF($J37="great",1.2,1))*IF(LEFT($K37,3)="yes",1.3,IF($K37="maybe",1.1,1)),1) -> 18.9 | M37: =IF($I37="✗ no","won't finish",IF($H37="✓ ok",IF($L37>=RANK_TOP3,"top pick",IF($L37>=RANK_TOP10,"good","ok")),"risk: "&$H37)) -> ok
B38: Spelt | C38: =INDEX(Crops!$F$5:$F$22,MATCH("Spelt",CropNames,0)) -> 16.02 | D38: =$C$9&"→"&IF(ROUND($C$9+$C38,0)>DaysPerYear,ROUND($C$9+$C38-DaysPerYear,0),ROUND($C$9+$C38,0)) -> 50→66 | E38: =MAX(0,ROUND(SeasonEndDay-($C$9+$C38),0)) -> 18 | F38: =IF($C$11,IF(ROUND($C$9+$C38,0)<=DaysPerYear,MIN(INDEX(Climate!$H$5:$H$112,$C$9):INDEX(Climate!$H$5:$H$112,ROUND($C$9+$C38,0))),MIN(MIN(INDEX(Climate!$H$5:$H$112,$C$9):INDEX(Climate!$H$5:$H$112,ClimateRows)),MIN(INDEX(Climate!$H$5:$H$112,1):INDEX(Climate!$H$5:$H$112,ROUND($C$9+$C38-DaysPerYear,0))))),IF(ROUND($C$9+$C38,0)<=DaysPerYear,MIN(INDEX(Climate!$E$5:$E$112,$C$9):INDEX(Climate!$E$5:$E$112,ROUND($C$9+$C38,0))),MIN(MIN(INDEX(Climate!$E$5:$E$112,$C$9):INDEX(Climate!$E$5:$E$112,ClimateRows)),MIN(INDEX(Climate!$E$5:$E$112,1):INDEX(Climate!$E$5:$E$112,ROUND($C$9+$C38-DaysPerYear,0)))))) -> 4.66 | G38: =IF($C$11,IF(ROUND($C$9+$C38,0)<=DaysPerYear,MAX(INDEX(Climate!$I$5:$I$112,$C$9):INDEX(Climate!$I$5:$I$112,ROUND($C$9+$C38,0))),MAX(MAX(INDEX(Climate!$I$5:$I$112,$C$9):INDEX(Climate!$I$5:$I$112,ClimateRows)),MAX(INDEX(Climate!$I$5:$I$112,1):INDEX(Climate!$I$5:$I$112,ROUND($C$9+$C38-DaysPerYear,0))))),IF(ROUND($C$9+$C38,0)<=DaysPerYear,MAX(INDEX(Climate!$F$5:$F$112,$C$9):INDEX(Climate!$F$5:$F$112,ROUND($C$9+$C38,0))),MAX(MAX(INDEX(Climate!$F$5:$F$112,$C$9):INDEX(Climate!$F$5:$F$112,ClimateRows)),MAX(INDEX(Climate!$F$5:$F$112,1):INDEX(Climate!$F$5:$F$112,ROUND($C$9+$C38-DaysPerYear,0)))))) -> 24.64 | H38: =IF(AND($F38<INDEX(Crops!$K$5:$K$22,MATCH("Spelt",CropNames,0)),$G38>INDEX(Crops!$M$5:$M$22,MATCH("Spelt",CropNames,0))),"C+H",IF($F38<INDEX(Crops!$K$5:$K$22,MATCH("Spelt",CropNames,0)),"COLD",IF($G38>INDEX(Crops!$M$5:$M$22,MATCH("Spelt",CropNames,0)),"HEAT","✓ ok"))) -> ✓ ok | I38: =IF($C$9+$C38>SeasonEndDay,"✗ no",IF(SeasonEndDay-($C$9+$C38)<3,"barely","✓ yes")) -> ✓ yes | J38: =IF(MAX($C$17,$E$17,$G$17)-MIN($C$17,$E$17,$G$17)<=5,"ok",IF(INDEX(Crops!$G$5:$G$22,MATCH("Spelt",CropNames,0))="N",IF($C$17=MIN($C$17,$E$17,$G$17),"poor",IF($C$17=MAX($C$17,$E$17,$G$17),"great","ok")),IF(INDEX(Crops!$G$5:$G$22,MATCH("Spelt",CropNames,0))="P",IF($E$17=MIN($C$17,$E$17,$G$17),"poor",IF($E$17=MAX($C$17,$E$17,$G$17),"great","ok")),IF($G$17=MIN($C$17,$E$17,$G$17),"poor",IF($G$17=MAX($C$17,$E$17,$G$17),"great","ok"))))) -> ok | K38: =IF($E38>=15,"yes (carrot)",IF($E38>=8,"yes (turnip)",IF($E38>=4,"maybe","no"))) -> yes (carrot) | L38: =ROUND(6/$C38*100*IF(((IF(INDEX(Crops!$G$5:$G$22,MATCH("Spelt",CropNames,0))="N",$C$17,IF(INDEX(Crops!$G$5:$G$22,MATCH("Spelt",CropNames,0))="P",$E$17,$G$17)))+(MAX(0,IF(INDEX(Crops!$G$5:$G$22,MATCH("Spelt",CropNames,0))="N",$C$17,IF(INDEX(Crops!$G$5:$G$22,MATCH("Spelt",CropNames,0))="P",$E$17,$G$17))-MAX(0,INDEX(Crops!$H$5:$H$22,MATCH("Spelt",CropNames,0))-MIN(IF(INDEX(Crops!$G$5:$G$22,MATCH("Spelt",CropNames,0))="N",MIN(150,$C$18+IF($C$13,IFERROR(VLOOKUP($C$14,Fertilizers!$B$6:$E$9,2,FALSE()),0),0)),IF(INDEX(Crops!$G$5:$G$22,MATCH("Spelt",CropNames,0))="P",MIN(150,$E$18+IF($C$13,IFERROR(VLOOKUP($C$14,Fertilizers!$B$6:$E$9,3,FALSE()),0),0)),MIN(150,$G$18+IF($C$13,IFERROR(VLOOKUP($C$14,Fertilizers!$B$6:$E$9,4,FALSE()),0),0)))),0.25*$C38*TicksPerDay)))))/2>75,1.1,IF(((IF(INDEX(Crops!$G$5:$G$22,MATCH("Spelt",CropNames,0))="N",$C$17,IF(INDEX(Crops!$G$5:$G$22,MATCH("Spelt",CropNames,0))="P",$E$17,$G$17)))+(MAX(0,IF(INDEX(Crops!$G$5:$G$22,MATCH("Spelt",CropNames,0))="N",$C$17,IF(INDEX(Crops!$G$5:$G$22,MATCH("Spelt",CropNames,0))="P",$E$17,$G$17))-MAX(0,INDEX(Crops!$H$5:$H$22,MATCH("Spelt",CropNames,0))-MIN(IF(INDEX(Crops!$G$5:$G$22,MATCH("Spelt",CropNames,0))="N",MIN(150,$C$18+IF($C$13,IFERROR(VLOOKUP($C$14,Fertilizers!$B$6:$E$9,2,FALSE()),0),0)),IF(INDEX(Crops!$G$5:$G$22,MATCH("Spelt",CropNames,0))="P",MIN(150,$E$18+IF($C$13,IFERROR(VLOOKUP($C$14,Fertilizers!$B$6:$E$9,3,FALSE()),0),0)),MIN(150,$G$18+IF($C$13,IFERROR(VLOOKUP($C$14,Fertilizers!$B$6:$E$9,4,FALSE()),0),0)))),0.25*$C38*TicksPerDay)))))/2>50,1,IF(((IF(INDEX(Crops!$G$5:$G$22,MATCH("Spelt",CropNames,0))="N",$C$17,IF(INDEX(Crops!$G$5:$G$22,MATCH("Spelt",CropNames,0))="P",$E$17,$G$17)))+(MAX(0,IF(INDEX(Crops!$G$5:$G$22,MATCH("Spelt",CropNames,0))="N",$C$17,IF(INDEX(Crops!$G$5:$G$22,MATCH("Spelt",CropNames,0))="P",$E$17,$G$17))-MAX(0,INDEX(Crops!$H$5:$H$22,MATCH("Spelt",CropNames,0))-MIN(IF(INDEX(Crops!$G$5:$G$22,MATCH("Spelt",CropNames,0))="N",MIN(150,$C$18+IF($C$13,IFERROR(VLOOKUP($C$14,Fertilizers!$B$6:$E$9,2,FALSE()),0),0)),IF(INDEX(Crops!$G$5:$G$22,MATCH("Spelt",CropNames,0))="P",MIN(150,$E$18+IF($C$13,IFERROR(VLOOKUP($C$14,Fertilizers!$B$6:$E$9,3,FALSE()),0),0)),MIN(150,$G$18+IF($C$13,IFERROR(VLOOKUP($C$14,Fertilizers!$B$6:$E$9,4,FALSE()),0),0)))),0.25*$C38*TicksPerDay)))))/2>35,0.9,IF(((IF(INDEX(Crops!$G$5:$G$22,MATCH("Spelt",CropNames,0))="N",$C$17,IF(INDEX(Crops!$G$5:$G$22,MATCH("Spelt",CropNames,0))="P",$E$17,$G$17)))+(MAX(0,IF(INDEX(Crops!$G$5:$G$22,MATCH("Spelt",CropNames,0))="N",$C$17,IF(INDEX(Crops!$G$5:$G$22,MATCH("Spelt",CropNames,0))="P",$E$17,$G$17))-MAX(0,INDEX(Crops!$H$5:$H$22,MATCH("Spelt",CropNames,0))-MIN(IF(INDEX(Crops!$G$5:$G$22,MATCH("Spelt",CropNames,0))="N",MIN(150,$C$18+IF($C$13,IFERROR(VLOOKUP($C$14,Fertilizers!$B$6:$E$9,2,FALSE()),0),0)),IF(INDEX(Crops!$G$5:$G$22,MATCH("Spelt",CropNames,0))="P",MIN(150,$E$18+IF($C$13,IFERROR(VLOOKUP($C$14,Fertilizers!$B$6:$E$9,3,FALSE()),0),0)),MIN(150,$G$18+IF($C$13,IFERROR(VLOOKUP($C$14,Fertilizers!$B$6:$E$9,4,FALSE()),0),0)))),0.25*$C38*TicksPerDay)))))/2>20,0.6,IF(((IF(INDEX(Crops!$G$5:$G$22,MATCH("Spelt",CropNames,0))="N",$C$17,IF(INDEX(Crops!$G$5:$G$22,MATCH("Spelt",CropNames,0))="P",$E$17,$G$17)))+(MAX(0,IF(INDEX(Crops!$G$5:$G$22,MATCH("Spelt",CropNames,0))="N",$C$17,IF(INDEX(Crops!$G$5:$G$22,MATCH("Spelt",CropNames,0))="P",$E$17,$G$17))-MAX(0,INDEX(Crops!$H$5:$H$22,MATCH("Spelt",CropNames,0))-MIN(IF(INDEX(Crops!$G$5:$G$22,MATCH("Spelt",CropNames,0))="N",MIN(150,$C$18+IF($C$13,IFERROR(VLOOKUP($C$14,Fertilizers!$B$6:$E$9,2,FALSE()),0),0)),IF(INDEX(Crops!$G$5:$G$22,MATCH("Spelt",CropNames,0))="P",MIN(150,$E$18+IF($C$13,IFERROR(VLOOKUP($C$14,Fertilizers!$B$6:$E$9,3,FALSE()),0),0)),MIN(150,$G$18+IF($C$13,IFERROR(VLOOKUP($C$14,Fertilizers!$B$6:$E$9,4,FALSE()),0),0)))),0.25*$C38*TicksPerDay)))))/2>5,0.3,0.1)))))*IF($I38="✓ yes",1,IF($I38="barely",0.6,0))*IF($H38="✓ ok",1,IFERROR(IF(ISBLANK(INDEX(Crops!$O$5:$O$22,MATCH("Spelt",CropNames,0))),DefaultStuntMul,INDEX(Crops!$O$5:$O$22,MATCH("Spelt",CropNames,0))),DefaultStuntMul))*IF($J38="poor",0.7,IF($J38="great",1.2,1))*IF(LEFT($K38,3)="yes",1.3,IF($K38="maybe",1.1,1)),1) -> 43.8 | M38: =IF($I38="✗ no","won't finish",IF($H38="✓ ok",IF($L38>=RANK_TOP3,"top pick",IF($L38>=RANK_TOP10,"good","ok")),"risk: "&$H38)) -> good
B39: Flax | C39: =INDEX(Crops!$F$5:$F$22,MATCH("Flax",CropNames,0)) -> 16.02 | D39: =$C$9&"→"&IF(ROUND($C$9+$C39,0)>DaysPerYear,ROUND($C$9+$C39-DaysPerYear,0),ROUND($C$9+$C39,0)) -> 50→66 | E39: =MAX(0,ROUND(SeasonEndDay-($C$9+$C39),0)) -> 18 | F39: =IF($C$11,IF(ROUND($C$9+$C39,0)<=DaysPerYear,MIN(INDEX(Climate!$H$5:$H$112,$C$9):INDEX(Climate!$H$5:$H$112,ROUND($C$9+$C39,0))),MIN(MIN(INDEX(Climate!$H$5:$H$112,$C$9):INDEX(Climate!$H$5:$H$112,ClimateRows)),MIN(INDEX(Climate!$H$5:$H$112,1):INDEX(Climate!$H$5:$H$112,ROUND($C$9+$C39-DaysPerYear,0))))),IF(ROUND($C$9+$C39,0)<=DaysPerYear,MIN(INDEX(Climate!$E$5:$E$112,$C$9):INDEX(Climate!$E$5:$E$112,ROUND($C$9+$C39,0))),MIN(MIN(INDEX(Climate!$E$5:$E$112,$C$9):INDEX(Climate!$E$5:$E$112,ClimateRows)),MIN(INDEX(Climate!$E$5:$E$112,1):INDEX(Climate!$E$5:$E$112,ROUND($C$9+$C39-DaysPerYear,0)))))) -> 4.66 | G39: =IF($C$11,IF(ROUND($C$9+$C39,0)<=DaysPerYear,MAX(INDEX(Climate!$I$5:$I$112,$C$9):INDEX(Climate!$I$5:$I$112,ROUND($C$9+$C39,0))),MAX(MAX(INDEX(Climate!$I$5:$I$112,$C$9):INDEX(Climate!$I$5:$I$112,ClimateRows)),MAX(INDEX(Climate!$I$5:$I$112,1):INDEX(Climate!$I$5:$I$112,ROUND($C$9+$C39-DaysPerYear,0))))),IF(ROUND($C$9+$C39,0)<=DaysPerYear,MAX(INDEX(Climate!$F$5:$F$112,$C$9):INDEX(Climate!$F$5:$F$112,ROUND($C$9+$C39,0))),MAX(MAX(INDEX(Climate!$F$5:$F$112,$C$9):INDEX(Climate!$F$5:$F$112,ClimateRows)),MAX(INDEX(Climate!$F$5:$F$112,1):INDEX(Climate!$F$5:$F$112,ROUND($C$9+$C39-DaysPerYear,0)))))) -> 24.64 | H39: =IF(AND($F39<INDEX(Crops!$K$5:$K$22,MATCH("Flax",CropNames,0)),$G39>INDEX(Crops!$M$5:$M$22,MATCH("Flax",CropNames,0))),"C+H",IF($F39<INDEX(Crops!$K$5:$K$22,MATCH("Flax",CropNames,0)),"COLD",IF($G39>INDEX(Crops!$M$5:$M$22,MATCH("Flax",CropNames,0)),"HEAT","✓ ok"))) -> ✓ ok | I39: =IF($C$9+$C39>SeasonEndDay,"✗ no",IF(SeasonEndDay-($C$9+$C39)<3,"barely","✓ yes")) -> ✓ yes | J39: =IF(MAX($C$17,$E$17,$G$17)-MIN($C$17,$E$17,$G$17)<=5,"ok",IF(INDEX(Crops!$G$5:$G$22,MATCH("Flax",CropNames,0))="N",IF($C$17=MIN($C$17,$E$17,$G$17),"poor",IF($C$17=MAX($C$17,$E$17,$G$17),"great","ok")),IF(INDEX(Crops!$G$5:$G$22,MATCH("Flax",CropNames,0))="P",IF($E$17=MIN($C$17,$E$17,$G$17),"poor",IF($E$17=MAX($C$17,$E$17,$G$17),"great","ok")),IF($G$17=MIN($C$17,$E$17,$G$17),"poor",IF($G$17=MAX($C$17,$E$17,$G$17),"great","ok"))))) -> ok | K39: =IF($E39>=15,"yes (carrot)",IF($E39>=8,"yes (turnip)",IF($E39>=4,"maybe","no"))) -> yes (carrot) | L39: =ROUND(3/$C39*100*IF(((IF(INDEX(Crops!$G$5:$G$22,MATCH("Flax",CropNames,0))="N",$C$17,IF(INDEX(Crops!$G$5:$G$22,MATCH("Flax",CropNames,0))="P",$E$17,$G$17)))+(MAX(0,IF(INDEX(Crops!$G$5:$G$22,MATCH("Flax",CropNames,0))="N",$C$17,IF(INDEX(Crops!$G$5:$G$22,MATCH("Flax",CropNames,0))="P",$E$17,$G$17))-MAX(0,INDEX(Crops!$H$5:$H$22,MATCH("Flax",CropNames,0))-MIN(IF(INDEX(Crops!$G$5:$G$22,MATCH("Flax",CropNames,0))="N",MIN(150,$C$18+IF($C$13,IFERROR(VLOOKUP($C$14,Fertilizers!$B$6:$E$9,2,FALSE()),0),0)),IF(INDEX(Crops!$G$5:$G$22,MATCH("Flax",CropNames,0))="P",MIN(150,$E$18+IF($C$13,IFERROR(VLOOKUP($C$14,Fertilizers!$B$6:$E$9,3,FALSE()),0),0)),MIN(150,$G$18+IF($C$13,IFERROR(VLOOKUP($C$14,Fertilizers!$B$6:$E$9,4,FALSE()),0),0)))),0.25*$C39*TicksPerDay)))))/2>75,1.1,IF(((IF(INDEX(Crops!$G$5:$G$22,MATCH("Flax",CropNames,0))="N",$C$17,IF(INDEX(Crops!$G$5:$G$22,MATCH("Flax",CropNames,0))="P",$E$17,$G$17)))+(MAX(0,IF(INDEX(Crops!$G$5:$G$22,MATCH("Flax",CropNames,0))="N",$C$17,IF(INDEX(Crops!$G$5:$G$22,MATCH("Flax",CropNames,0))="P",$E$17,$G$17))-MAX(0,INDEX(Crops!$H$5:$H$22,MATCH("Flax",CropNames,0))-MIN(IF(INDEX(Crops!$G$5:$G$22,MATCH("Flax",CropNames,0))="N",MIN(150,$C$18+IF($C$13,IFERROR(VLOOKUP($C$14,Fertilizers!$B$6:$E$9,2,FALSE()),0),0)),IF(INDEX(Crops!$G$5:$G$22,MATCH("Flax",CropNames,0))="P",MIN(150,$E$18+IF($C$13,IFERROR(VLOOKUP($C$14,Fertilizers!$B$6:$E$9,3,FALSE()),0),0)),MIN(150,$G$18+IF($C$13,IFERROR(VLOOKUP($C$14,Fertilizers!$B$6:$E$9,4,FALSE()),0),0)))),0.25*$C39*TicksPerDay)))))/2>50,1,IF(((IF(INDEX(Crops!$G$5:$G$22,MATCH("Flax",CropNames,0))="N",$C$17,IF(INDEX(Crops!$G$5:$G$22,MATCH("Flax",CropNames,0))="P",$E$17,$G$17)))+(MAX(0,IF(INDEX(Crops!$G$5:$G$22,MATCH("Flax",CropNames,0))="N",$C$17,IF(INDEX(Crops!$G$5:$G$22,MATCH("Flax",CropNames,0))="P",$E$17,$G$17))-MAX(0,INDEX(Crops!$H$5:$H$22,MATCH("Flax",CropNames,0))-MIN(IF(INDEX(Crops!$G$5:$G$22,MATCH("Flax",CropNames,0))="N",MIN(150,$C$18+IF($C$13,IFERROR(VLOOKUP($C$14,Fertilizers!$B$6:$E$9,2,FALSE()),0),0)),IF(INDEX(Crops!$G$5:$G$22,MATCH("Flax",CropNames,0))="P",MIN(150,$E$18+IF($C$13,IFERROR(VLOOKUP($C$14,Fertilizers!$B$6:$E$9,3,FALSE()),0),0)),MIN(150,$G$18+IF($C$13,IFERROR(VLOOKUP($C$14,Fertilizers!$B$6:$E$9,4,FALSE()),0),0)))),0.25*$C39*TicksPerDay)))))/2>35,0.9,IF(((IF(INDEX(Crops!$G$5:$G$22,MATCH("Flax",CropNames,0))="N",$C$17,IF(INDEX(Crops!$G$5:$G$22,MATCH("Flax",CropNames,0))="P",$E$17,$G$17)))+(MAX(0,IF(INDEX(Crops!$G$5:$G$22,MATCH("Flax",CropNames,0))="N",$C$17,IF(INDEX(Crops!$G$5:$G$22,MATCH("Flax",CropNames,0))="P",$E$17,$G$17))-MAX(0,INDEX(Crops!$H$5:$H$22,MATCH("Flax",CropNames,0))-MIN(IF(INDEX(Crops!$G$5:$G$22,MATCH("Flax",CropNames,0))="N",MIN(150,$C$18+IF($C$13,IFERROR(VLOOKUP($C$14,Fertilizers!$B$6:$E$9,2,FALSE()),0),0)),IF(INDEX(Crops!$G$5:$G$22,MATCH("Flax",CropNames,0))="P",MIN(150,$E$18+IF($C$13,IFERROR(VLOOKUP($C$14,Fertilizers!$B$6:$E$9,3,FALSE()),0),0)),MIN(150,$G$18+IF($C$13,IFERROR(VLOOKUP($C$14,Fertilizers!$B$6:$E$9,4,FALSE()),0),0)))),0.25*$C39*TicksPerDay)))))/2>20,0.6,IF(((IF(INDEX(Crops!$G$5:$G$22,MATCH("Flax",CropNames,0))="N",$C$17,IF(INDEX(Crops!$G$5:$G$22,MATCH("Flax",CropNames,0))="P",$E$17,$G$17)))+(MAX(0,IF(INDEX(Crops!$G$5:$G$22,MATCH("Flax",CropNames,0))="N",$C$17,IF(INDEX(Crops!$G$5:$G$22,MATCH("Flax",CropNames,0))="P",$E$17,$G$17))-MAX(0,INDEX(Crops!$H$5:$H$22,MATCH("Flax",CropNames,0))-MIN(IF(INDEX(Crops!$G$5:$G$22,MATCH("Flax",CropNames,0))="N",MIN(150,$C$18+IF($C$13,IFERROR(VLOOKUP($C$14,Fertilizers!$B$6:$E$9,2,FALSE()),0),0)),IF(INDEX(Crops!$G$5:$G$22,MATCH("Flax",CropNames,0))="P",MIN(150,$E$18+IF($C$13,IFERROR(VLOOKUP($C$14,Fertilizers!$B$6:$E$9,3,FALSE()),0),0)),MIN(150,$G$18+IF($C$13,IFERROR(VLOOKUP($C$14,Fertilizers!$B$6:$E$9,4,FALSE()),0),0)))),0.25*$C39*TicksPerDay)))))/2>5,0.3,0.1)))))*IF($I39="✓ yes",1,IF($I39="barely",0.6,0))*IF($H39="✓ ok",1,IFERROR(IF(ISBLANK(INDEX(Crops!$O$5:$O$22,MATCH("Flax",CropNames,0))),DefaultStuntMul,INDEX(Crops!$O$5:$O$22,MATCH("Flax",CropNames,0))),DefaultStuntMul))*IF($J39="poor",0.7,IF($J39="great",1.2,1))*IF(LEFT($K39,3)="yes",1.3,IF($K39="maybe",1.1,1)),1) -> 21.9 | M39: =IF($I39="✗ no","won't finish",IF($H39="✓ ok",IF($L39>=RANK_TOP3,"top pick",IF($L39>=RANK_TOP10,"good","ok")),"risk: "&$H39)) -> ok
B40: Sunflower | C40: =INDEX(Crops!$F$5:$F$22,MATCH("Sunflower",CropNames,0)) -> 15.3 | D40: =$C$9&"→"&IF(ROUND($C$9+$C40,0)>DaysPerYear,ROUND($C$9+$C40-DaysPerYear,0),ROUND($C$9+$C40,0)) -> 50→65 | E40: =MAX(0,ROUND(SeasonEndDay-($C$9+$C40),0)) -> 19 | F40: =IF($C$11,IF(ROUND($C$9+$C40,0)<=DaysPerYear,MIN(INDEX(Climate!$H$5:$H$112,$C$9):INDEX(Climate!$H$5:$H$112,ROUND($C$9+$C40,0))),MIN(MIN(INDEX(Climate!$H$5:$H$112,$C$9):INDEX(Climate!$H$5:$H$112,ClimateRows)),MIN(INDEX(Climate!$H$5:$H$112,1):INDEX(Climate!$H$5:$H$112,ROUND($C$9+$C40-DaysPerYear,0))))),IF(ROUND($C$9+$C40,0)<=DaysPerYear,MIN(INDEX(Climate!$E$5:$E$112,$C$9):INDEX(Climate!$E$5:$E$112,ROUND($C$9+$C40,0))),MIN(MIN(INDEX(Climate!$E$5:$E$112,$C$9):INDEX(Climate!$E$5:$E$112,ClimateRows)),MIN(INDEX(Climate!$E$5:$E$112,1):INDEX(Climate!$E$5:$E$112,ROUND($C$9+$C40-DaysPerYear,0)))))) -> 4.66 | G40: =IF($C$11,IF(ROUND($C$9+$C40,0)<=DaysPerYear,MAX(INDEX(Climate!$I$5:$I$112,$C$9):INDEX(Climate!$I$5:$I$112,ROUND($C$9+$C40,0))),MAX(MAX(INDEX(Climate!$I$5:$I$112,$C$9):INDEX(Climate!$I$5:$I$112,ClimateRows)),MAX(INDEX(Climate!$I$5:$I$112,1):INDEX(Climate!$I$5:$I$112,ROUND($C$9+$C40-DaysPerYear,0))))),IF(ROUND($C$9+$C40,0)<=DaysPerYear,MAX(INDEX(Climate!$F$5:$F$112,$C$9):INDEX(Climate!$F$5:$F$112,ROUND($C$9+$C40,0))),MAX(MAX(INDEX(Climate!$F$5:$F$112,$C$9):INDEX(Climate!$F$5:$F$112,ClimateRows)),MAX(INDEX(Climate!$F$5:$F$112,1):INDEX(Climate!$F$5:$F$112,ROUND($C$9+$C40-DaysPerYear,0)))))) -> 24.64 | H40: =IF(AND($F40<INDEX(Crops!$K$5:$K$22,MATCH("Sunflower",CropNames,0)),$G40>INDEX(Crops!$M$5:$M$22,MATCH("Sunflower",CropNames,0))),"C+H",IF($F40<INDEX(Crops!$K$5:$K$22,MATCH("Sunflower",CropNames,0)),"COLD",IF($G40>INDEX(Crops!$M$5:$M$22,MATCH("Sunflower",CropNames,0)),"HEAT","✓ ok"))) -> ✓ ok | I40: =IF($C$9+$C40>SeasonEndDay,"✗ no",IF(SeasonEndDay-($C$9+$C40)<3,"barely","✓ yes")) -> ✓ yes | J40: =IF(MAX($C$17,$E$17,$G$17)-MIN($C$17,$E$17,$G$17)<=5,"ok",IF(INDEX(Crops!$G$5:$G$22,MATCH("Sunflower",CropNames,0))="N",IF($C$17=MIN($C$17,$E$17,$G$17),"poor",IF($C$17=MAX($C$17,$E$17,$G$17),"great","ok")),IF(INDEX(Crops!$G$5:$G$22,MATCH("Sunflower",CropNames,0))="P",IF($E$17=MIN($C$17,$E$17,$G$17),"poor",IF($E$17=MAX($C$17,$E$17,$G$17),"great","ok")),IF($G$17=MIN($C$17,$E$17,$G$17),"poor",IF($G$17=MAX($C$17,$E$17,$G$17),"great","ok"))))) -> ok | K40: =IF($E40>=15,"yes (carrot)",IF($E40>=8,"yes (turnip)",IF($E40>=4,"maybe","no"))) -> yes (carrot) | L40: =ROUND(6.5/$C40*100*IF(((IF(INDEX(Crops!$G$5:$G$22,MATCH("Sunflower",CropNames,0))="N",$C$17,IF(INDEX(Crops!$G$5:$G$22,MATCH("Sunflower",CropNames,0))="P",$E$17,$G$17)))+(MAX(0,IF(INDEX(Crops!$G$5:$G$22,MATCH("Sunflower",CropNames,0))="N",$C$17,IF(INDEX(Crops!$G$5:$G$22,MATCH("Sunflower",CropNames,0))="P",$E$17,$G$17))-MAX(0,INDEX(Crops!$H$5:$H$22,MATCH("Sunflower",CropNames,0))-MIN(IF(INDEX(Crops!$G$5:$G$22,MATCH("Sunflower",CropNames,0))="N",MIN(150,$C$18+IF($C$13,IFERROR(VLOOKUP($C$14,Fertilizers!$B$6:$E$9,2,FALSE()),0),0)),IF(INDEX(Crops!$G$5:$G$22,MATCH("Sunflower",CropNames,0))="P",MIN(150,$E$18+IF($C$13,IFERROR(VLOOKUP($C$14,Fertilizers!$B$6:$E$9,3,FALSE()),0),0)),MIN(150,$G$18+IF($C$13,IFERROR(VLOOKUP($C$14,Fertilizers!$B$6:$E$9,4,FALSE()),0),0)))),0.25*$C40*TicksPerDay)))))/2>75,1.1,IF(((IF(INDEX(Crops!$G$5:$G$22,MATCH("Sunflower",CropNames,0))="N",$C$17,IF(INDEX(Crops!$G$5:$G$22,MATCH("Sunflower",CropNames,0))="P",$E$17,$G$17)))+(MAX(0,IF(INDEX(Crops!$G$5:$G$22,MATCH("Sunflower",CropNames,0))="N",$C$17,IF(INDEX(Crops!$G$5:$G$22,MATCH("Sunflower",CropNames,0))="P",$E$17,$G$17))-MAX(0,INDEX(Crops!$H$5:$H$22,MATCH("Sunflower",CropNames,0))-MIN(IF(INDEX(Crops!$G$5:$G$22,MATCH("Sunflower",CropNames,0))="N",MIN(150,$C$18+IF($C$13,IFERROR(VLOOKUP($C$14,Fertilizers!$B$6:$E$9,2,FALSE()),0),0)),IF(INDEX(Crops!$G$5:$G$22,MATCH("Sunflower",CropNames,0))="P",MIN(150,$E$18+IF($C$13,IFERROR(VLOOKUP($C$14,Fertilizers!$B$6:$E$9,3,FALSE()),0),0)),MIN(150,$G$18+IF($C$13,IFERROR(VLOOKUP($C$14,Fertilizers!$B$6:$E$9,4,FALSE()),0),0)))),0.25*$C40*TicksPerDay)))))/2>50,1,IF(((IF(INDEX(Crops!$G$5:$G$22,MATCH("Sunflower",CropNames,0))="N",$C$17,IF(INDEX(Crops!$G$5:$G$22,MATCH("Sunflower",CropNames,0))="P",$E$17,$G$17)))+(MAX(0,IF(INDEX(Crops!$G$5:$G$22,MATCH("Sunflower",CropNames,0))="N",$C$17,IF(INDEX(Crops!$G$5:$G$22,MATCH("Sunflower",CropNames,0))="P",$E$17,$G$17))-MAX(0,INDEX(Crops!$H$5:$H$22,MATCH("Sunflower",CropNames,0))-MIN(IF(INDEX(Crops!$G$5:$G$22,MATCH("Sunflower",CropNames,0))="N",MIN(150,$C$18+IF($C$13,IFERROR(VLOOKUP($C$14,Fertilizers!$B$6:$E$9,2,FALSE()),0),0)),IF(INDEX(Crops!$G$5:$G$22,MATCH("Sunflower",CropNames,0))="P",MIN(150,$E$18+IF($C$13,IFERROR(VLOOKUP($C$14,Fertilizers!$B$6:$E$9,3,FALSE()),0),0)),MIN(150,$G$18+IF($C$13,IFERROR(VLOOKUP($C$14,Fertilizers!$B$6:$E$9,4,FALSE()),0),0)))),0.25*$C40*TicksPerDay)))))/2>35,0.9,IF(((IF(INDEX(Crops!$G$5:$G$22,MATCH("Sunflower",CropNames,0))="N",$C$17,IF(INDEX(Crops!$G$5:$G$22,MATCH("Sunflower",CropNames,0))="P",$E$17,$G$17)))+(MAX(0,IF(INDEX(Crops!$G$5:$G$22,MATCH("Sunflower",CropNames,0))="N",$C$17,IF(INDEX(Crops!$G$5:$G$22,MATCH("Sunflower",CropNames,0))="P",$E$17,$G$17))-MAX(0,INDEX(Crops!$H$5:$H$22,MATCH("Sunflower",CropNames,0))-MIN(IF(INDEX(Crops!$G$5:$G$22,MATCH("Sunflower",CropNames,0))="N",MIN(150,$C$18+IF($C$13,IFERROR(VLOOKUP($C$14,Fertilizers!$B$6:$E$9,2,FALSE()),0),0)),IF(INDEX(Crops!$G$5:$G$22,MATCH("Sunflower",CropNames,0))="P",MIN(150,$E$18+IF($C$13,IFERROR(VLOOKUP($C$14,Fertilizers!$B$6:$E$9,3,FALSE()),0),0)),MIN(150,$G$18+IF($C$13,IFERROR(VLOOKUP($C$14,Fertilizers!$B$6:$E$9,4,FALSE()),0),0)))),0.25*$C40*TicksPerDay)))))/2>20,0.6,IF(((IF(INDEX(Crops!$G$5:$G$22,MATCH("Sunflower",CropNames,0))="N",$C$17,IF(INDEX(Crops!$G$5:$G$22,MATCH("Sunflower",CropNames,0))="P",$E$17,$G$17)))+(MAX(0,IF(INDEX(Crops!$G$5:$G$22,MATCH("Sunflower",CropNames,0))="N",$C$17,IF(INDEX(Crops!$G$5:$G$22,MATCH("Sunflower",CropNames,0))="P",$E$17,$G$17))-MAX(0,INDEX(Crops!$H$5:$H$22,MATCH("Sunflower",CropNames,0))-MIN(IF(INDEX(Crops!$G$5:$G$22,MATCH("Sunflower",CropNames,0))="N",MIN(150,$C$18+IF($C$13,IFERROR(VLOOKUP($C$14,Fertilizers!$B$6:$E$9,2,FALSE()),0),0)),IF(INDEX(Crops!$G$5:$G$22,MATCH("Sunflower",CropNames,0))="P",MIN(150,$E$18+IF($C$13,IFERROR(VLOOKUP($C$14,Fertilizers!$B$6:$E$9,3,FALSE()),0),0)),MIN(150,$G$18+IF($C$13,IFERROR(VLOOKUP($C$14,Fertilizers!$B$6:$E$9,4,FALSE()),0),0)))),0.25*$C40*TicksPerDay)))))/2>5,0.3,0.1)))))*IF($I40="✓ yes",1,IF($I40="barely",0.6,0))*IF($H40="✓ ok",1,IFERROR(IF(ISBLANK(INDEX(Crops!$O$5:$O$22,MATCH("Sunflower",CropNames,0))),DefaultStuntMul,INDEX(Crops!$O$5:$O$22,MATCH("Sunflower",CropNames,0))),DefaultStuntMul))*IF($J40="poor",0.7,IF($J40="great",1.2,1))*IF(LEFT($K40,3)="yes",1.3,IF($K40="maybe",1.1,1)),1) -> 49.7 | M40: =IF($I40="✗ no","won't finish",IF($H40="✓ ok",IF($L40>=RANK_TOP3,"top pick",IF($L40>=RANK_TOP10,"good","ok")),"risk: "&$H40)) -> good
B41: Soybean | C41: =INDEX(Crops!$F$5:$F$22,MATCH("Soybean",CropNames,0)) -> 10.26 | D41: =$C$9&"→"&IF(ROUND($C$9+$C41,0)>DaysPerYear,ROUND($C$9+$C41-DaysPerYear,0),ROUND($C$9+$C41,0)) -> 50→60 | E41: =MAX(0,ROUND(SeasonEndDay-($C$9+$C41),0)) -> 24 | F41: =IF($C$11,IF(ROUND($C$9+$C41,0)<=DaysPerYear,MIN(INDEX(Climate!$H$5:$H$112,$C$9):INDEX(Climate!$H$5:$H$112,ROUND($C$9+$C41,0))),MIN(MIN(INDEX(Climate!$H$5:$H$112,$C$9):INDEX(Climate!$H$5:$H$112,ClimateRows)),MIN(INDEX(Climate!$H$5:$H$112,1):INDEX(Climate!$H$5:$H$112,ROUND($C$9+$C41-DaysPerYear,0))))),IF(ROUND($C$9+$C41,0)<=DaysPerYear,MIN(INDEX(Climate!$E$5:$E$112,$C$9):INDEX(Climate!$E$5:$E$112,ROUND($C$9+$C41,0))),MIN(MIN(INDEX(Climate!$E$5:$E$112,$C$9):INDEX(Climate!$E$5:$E$112,ClimateRows)),MIN(INDEX(Climate!$E$5:$E$112,1):INDEX(Climate!$E$5:$E$112,ROUND($C$9+$C41-DaysPerYear,0)))))) -> 4.66 | G41: =IF($C$11,IF(ROUND($C$9+$C41,0)<=DaysPerYear,MAX(INDEX(Climate!$I$5:$I$112,$C$9):INDEX(Climate!$I$5:$I$112,ROUND($C$9+$C41,0))),MAX(MAX(INDEX(Climate!$I$5:$I$112,$C$9):INDEX(Climate!$I$5:$I$112,ClimateRows)),MAX(INDEX(Climate!$I$5:$I$112,1):INDEX(Climate!$I$5:$I$112,ROUND($C$9+$C41-DaysPerYear,0))))),IF(ROUND($C$9+$C41,0)<=DaysPerYear,MAX(INDEX(Climate!$F$5:$F$112,$C$9):INDEX(Climate!$F$5:$F$112,ROUND($C$9+$C41,0))),MAX(MAX(INDEX(Climate!$F$5:$F$112,$C$9):INDEX(Climate!$F$5:$F$112,ClimateRows)),MAX(INDEX(Climate!$F$5:$F$112,1):INDEX(Climate!$F$5:$F$112,ROUND($C$9+$C41-DaysPerYear,0)))))) -> 24.07 | H41: =IF(AND($F41<INDEX(Crops!$K$5:$K$22,MATCH("Soybean",CropNames,0)),$G41>INDEX(Crops!$M$5:$M$22,MATCH("Soybean",CropNames,0))),"C+H",IF($F41<INDEX(Crops!$K$5:$K$22,MATCH("Soybean",CropNames,0)),"COLD",IF($G41>INDEX(Crops!$M$5:$M$22,MATCH("Soybean",CropNames,0)),"HEAT","✓ ok"))) -> ✓ ok | I41: =IF($C$9+$C41>SeasonEndDay,"✗ no",IF(SeasonEndDay-($C$9+$C41)<3,"barely","✓ yes")) -> ✓ yes | J41: =IF(MAX($C$17,$E$17,$G$17)-MIN($C$17,$E$17,$G$17)<=5,"ok",IF(INDEX(Crops!$G$5:$G$22,MATCH("Soybean",CropNames,0))="N",IF($C$17=MIN($C$17,$E$17,$G$17),"poor",IF($C$17=MAX($C$17,$E$17,$G$17),"great","ok")),IF(INDEX(Crops!$G$5:$G$22,MATCH("Soybean",CropNames,0))="P",IF($E$17=MIN($C$17,$E$17,$G$17),"poor",IF($E$17=MAX($C$17,$E$17,$G$17),"great","ok")),IF($G$17=MIN($C$17,$E$17,$G$17),"poor",IF($G$17=MAX($C$17,$E$17,$G$17),"great","ok"))))) -> ok | K41: =IF($E41>=15,"yes (carrot)",IF($E41>=8,"yes (turnip)",IF($E41>=4,"maybe","no"))) -> yes (carrot) | L41: =ROUND(6/$C41*100*IF(((IF(INDEX(Crops!$G$5:$G$22,MATCH("Soybean",CropNames,0))="N",$C$17,IF(INDEX(Crops!$G$5:$G$22,MATCH("Soybean",CropNames,0))="P",$E$17,$G$17)))+(MAX(0,IF(INDEX(Crops!$G$5:$G$22,MATCH("Soybean",CropNames,0))="N",$C$17,IF(INDEX(Crops!$G$5:$G$22,MATCH("Soybean",CropNames,0))="P",$E$17,$G$17))-MAX(0,INDEX(Crops!$H$5:$H$22,MATCH("Soybean",CropNames,0))-MIN(IF(INDEX(Crops!$G$5:$G$22,MATCH("Soybean",CropNames,0))="N",MIN(150,$C$18+IF($C$13,IFERROR(VLOOKUP($C$14,Fertilizers!$B$6:$E$9,2,FALSE()),0),0)),IF(INDEX(Crops!$G$5:$G$22,MATCH("Soybean",CropNames,0))="P",MIN(150,$E$18+IF($C$13,IFERROR(VLOOKUP($C$14,Fertilizers!$B$6:$E$9,3,FALSE()),0),0)),MIN(150,$G$18+IF($C$13,IFERROR(VLOOKUP($C$14,Fertilizers!$B$6:$E$9,4,FALSE()),0),0)))),0.25*$C41*TicksPerDay)))))/2>75,1.1,IF(((IF(INDEX(Crops!$G$5:$G$22,MATCH("Soybean",CropNames,0))="N",$C$17,IF(INDEX(Crops!$G$5:$G$22,MATCH("Soybean",CropNames,0))="P",$E$17,$G$17)))+(MAX(0,IF(INDEX(Crops!$G$5:$G$22,MATCH("Soybean",CropNames,0))="N",$C$17,IF(INDEX(Crops!$G$5:$G$22,MATCH("Soybean",CropNames,0))="P",$E$17,$G$17))-MAX(0,INDEX(Crops!$H$5:$H$22,MATCH("Soybean",CropNames,0))-MIN(IF(INDEX(Crops!$G$5:$G$22,MATCH("Soybean",CropNames,0))="N",MIN(150,$C$18+IF($C$13,IFERROR(VLOOKUP($C$14,Fertilizers!$B$6:$E$9,2,FALSE()),0),0)),IF(INDEX(Crops!$G$5:$G$22,MATCH("Soybean",CropNames,0))="P",MIN(150,$E$18+IF($C$13,IFERROR(VLOOKUP($C$14,Fertilizers!$B$6:$E$9,3,FALSE()),0),0)),MIN(150,$G$18+IF($C$13,IFERROR(VLOOKUP($C$14,Fertilizers!$B$6:$E$9,4,FALSE()),0),0)))),0.25*$C41*TicksPerDay)))))/2>50,1,IF(((IF(INDEX(Crops!$G$5:$G$22,MATCH("Soybean",CropNames,0))="N",$C$17,IF(INDEX(Crops!$G$5:$G$22,MATCH("Soybean",CropNames,0))="P",$E$17,$G$17)))+(MAX(0,IF(INDEX(Crops!$G$5:$G$22,MATCH("Soybean",CropNames,0))="N",$C$17,IF(INDEX(Crops!$G$5:$G$22,MATCH("Soybean",CropNames,0))="P",$E$17,$G$17))-MAX(0,INDEX(Crops!$H$5:$H$22,MATCH("Soybean",CropNames,0))-MIN(IF(INDEX(Crops!$G$5:$G$22,MATCH("Soybean",CropNames,0))="N",MIN(150,$C$18+IF($C$13,IFERROR(VLOOKUP($C$14,Fertilizers!$B$6:$E$9,2,FALSE()),0),0)),IF(INDEX(Crops!$G$5:$G$22,MATCH("Soybean",CropNames,0))="P",MIN(150,$E$18+IF($C$13,IFERROR(VLOOKUP($C$14,Fertilizers!$B$6:$E$9,3,FALSE()),0),0)),MIN(150,$G$18+IF($C$13,IFERROR(VLOOKUP($C$14,Fertilizers!$B$6:$E$9,4,FALSE()),0),0)))),0.25*$C41*TicksPerDay)))))/2>35,0.9,IF(((IF(INDEX(Crops!$G$5:$G$22,MATCH("Soybean",CropNames,0))="N",$C$17,IF(INDEX(Crops!$G$5:$G$22,MATCH("Soybean",CropNames,0))="P",$E$17,$G$17)))+(MAX(0,IF(INDEX(Crops!$G$5:$G$22,MATCH("Soybean",CropNames,0))="N",$C$17,IF(INDEX(Crops!$G$5:$G$22,MATCH("Soybean",CropNames,0))="P",$E$17,$G$17))-MAX(0,INDEX(Crops!$H$5:$H$22,MATCH("Soybean",CropNames,0))-MIN(IF(INDEX(Crops!$G$5:$G$22,MATCH("Soybean",CropNames,0))="N",MIN(150,$C$18+IF($C$13,IFERROR(VLOOKUP($C$14,Fertilizers!$B$6:$E$9,2,FALSE()),0),0)),IF(INDEX(Crops!$G$5:$G$22,MATCH("Soybean",CropNames,0))="P",MIN(150,$E$18+IF($C$13,IFERROR(VLOOKUP($C$14,Fertilizers!$B$6:$E$9,3,FALSE()),0),0)),MIN(150,$G$18+IF($C$13,IFERROR(VLOOKUP($C$14,Fertilizers!$B$6:$E$9,4,FALSE()),0),0)))),0.25*$C41*TicksPerDay)))))/2>20,0.6,IF(((IF(INDEX(Crops!$G$5:$G$22,MATCH("Soybean",CropNames,0))="N",$C$17,IF(INDEX(Crops!$G$5:$G$22,MATCH("Soybean",CropNames,0))="P",$E$17,$G$17)))+(MAX(0,IF(INDEX(Crops!$G$5:$G$22,MATCH("Soybean",CropNames,0))="N",$C$17,IF(INDEX(Crops!$G$5:$G$22,MATCH("Soybean",CropNames,0))="P",$E$17,$G$17))-MAX(0,INDEX(Crops!$H$5:$H$22,MATCH("Soybean",CropNames,0))-MIN(IF(INDEX(Crops!$G$5:$G$22,MATCH("Soybean",CropNames,0))="N",MIN(150,$C$18+IF($C$13,IFERROR(VLOOKUP($C$14,Fertilizers!$B$6:$E$9,2,FALSE()),0),0)),IF(INDEX(Crops!$G$5:$G$22,MATCH("Soybean",CropNames,0))="P",MIN(150,$E$18+IF($C$13,IFERROR(VLOOKUP($C$14,Fertilizers!$B$6:$E$9,3,FALSE()),0),0)),MIN(150,$G$18+IF($C$13,IFERROR(VLOOKUP($C$14,Fertilizers!$B$6:$E$9,4,FALSE()),0),0)))),0.25*$C41*TicksPerDay)))))/2>5,0.3,0.1)))))*IF($I41="✓ yes",1,IF($I41="barely",0.6,0))*IF($H41="✓ ok",1,IFERROR(IF(ISBLANK(INDEX(Crops!$O$5:$O$22,MATCH("Soybean",CropNames,0))),DefaultStuntMul,INDEX(Crops!$O$5:$O$22,MATCH("Soybean",CropNames,0))),DefaultStuntMul))*IF($J41="poor",0.7,IF($J41="great",1.2,1))*IF(LEFT($K41,3)="yes",1.3,IF($K41="maybe",1.1,1)),1) -> 68.4 | M41: =IF($I41="✗ no","won't finish",IF($H41="✓ ok",IF($L41>=RANK_TOP3,"top pick",IF($L41>=RANK_TOP10,"good","ok")),"risk: "&$H41)) -> good
B42: Pumpkin | C42: =INDEX(Crops!$F$5:$F$22,MATCH("Pumpkin",CropNames,0)) -> 15.3 | D42: =$C$9&"→"&IF(ROUND($C$9+$C42,0)>DaysPerYear,ROUND($C$9+$C42-DaysPerYear,0),ROUND($C$9+$C42,0)) -> 50→65 | E42: =MAX(0,ROUND(SeasonEndDay-($C$9+$C42),0)) -> 19 | F42: =IF($C$11,IF(ROUND($C$9+$C42,0)<=DaysPerYear,MIN(INDEX(Climate!$H$5:$H$112,$C$9):INDEX(Climate!$H$5:$H$112,ROUND($C$9+$C42,0))),MIN(MIN(INDEX(Climate!$H$5:$H$112,$C$9):INDEX(Climate!$H$5:$H$112,ClimateRows)),MIN(INDEX(Climate!$H$5:$H$112,1):INDEX(Climate!$H$5:$H$112,ROUND($C$9+$C42-DaysPerYear,0))))),IF(ROUND($C$9+$C42,0)<=DaysPerYear,MIN(INDEX(Climate!$E$5:$E$112,$C$9):INDEX(Climate!$E$5:$E$112,ROUND($C$9+$C42,0))),MIN(MIN(INDEX(Climate!$E$5:$E$112,$C$9):INDEX(Climate!$E$5:$E$112,ClimateRows)),MIN(INDEX(Climate!$E$5:$E$112,1):INDEX(Climate!$E$5:$E$112,ROUND($C$9+$C42-DaysPerYear,0)))))) -> 4.66 | G42: =IF($C$11,IF(ROUND($C$9+$C42,0)<=DaysPerYear,MAX(INDEX(Climate!$I$5:$I$112,$C$9):INDEX(Climate!$I$5:$I$112,ROUND($C$9+$C42,0))),MAX(MAX(INDEX(Climate!$I$5:$I$112,$C$9):INDEX(Climate!$I$5:$I$112,ClimateRows)),MAX(INDEX(Climate!$I$5:$I$112,1):INDEX(Climate!$I$5:$I$112,ROUND($C$9+$C42-DaysPerYear,0))))),IF(ROUND($C$9+$C42,0)<=DaysPerYear,MAX(INDEX(Climate!$F$5:$F$112,$C$9):INDEX(Climate!$F$5:$F$112,ROUND($C$9+$C42,0))),MAX(MAX(INDEX(Climate!$F$5:$F$112,$C$9):INDEX(Climate!$F$5:$F$112,ClimateRows)),MAX(INDEX(Climate!$F$5:$F$112,1):INDEX(Climate!$F$5:$F$112,ROUND($C$9+$C42-DaysPerYear,0)))))) -> 24.64 | H42: =IF(AND($F42<INDEX(Crops!$K$5:$K$22,MATCH("Pumpkin",CropNames,0)),$G42>INDEX(Crops!$M$5:$M$22,MATCH("Pumpkin",CropNames,0))),"C+H",IF($F42<INDEX(Crops!$K$5:$K$22,MATCH("Pumpkin",CropNames,0)),"COLD",IF($G42>INDEX(Crops!$M$5:$M$22,MATCH("Pumpkin",CropNames,0)),"HEAT","✓ ok"))) -> ✓ ok | I42: =IF($C$9+$C42>SeasonEndDay,"✗ no",IF(SeasonEndDay-($C$9+$C42)<3,"barely","✓ yes")) -> ✓ yes | J42: =IF(MAX($C$17,$E$17,$G$17)-MIN($C$17,$E$17,$G$17)<=5,"ok",IF(INDEX(Crops!$G$5:$G$22,MATCH("Pumpkin",CropNames,0))="N",IF($C$17=MIN($C$17,$E$17,$G$17),"poor",IF($C$17=MAX($C$17,$E$17,$G$17),"great","ok")),IF(INDEX(Crops!$G$5:$G$22,MATCH("Pumpkin",CropNames,0))="P",IF($E$17=MIN($C$17,$E$17,$G$17),"poor",IF($E$17=MAX($C$17,$E$17,$G$17),"great","ok")),IF($G$17=MIN($C$17,$E$17,$G$17),"poor",IF($G$17=MAX($C$17,$E$17,$G$17),"great","ok"))))) -> ok | K42: =IF($E42>=15,"yes (carrot)",IF($E42>=8,"yes (turnip)",IF($E42>=4,"maybe","no"))) -> yes (carrot) | L42: =ROUND(1.5/$C42*100*IF(((IF(INDEX(Crops!$G$5:$G$22,MATCH("Pumpkin",CropNames,0))="N",$C$17,IF(INDEX(Crops!$G$5:$G$22,MATCH("Pumpkin",CropNames,0))="P",$E$17,$G$17)))+(MAX(0,IF(INDEX(Crops!$G$5:$G$22,MATCH("Pumpkin",CropNames,0))="N",$C$17,IF(INDEX(Crops!$G$5:$G$22,MATCH("Pumpkin",CropNames,0))="P",$E$17,$G$17))-MAX(0,INDEX(Crops!$H$5:$H$22,MATCH("Pumpkin",CropNames,0))-MIN(IF(INDEX(Crops!$G$5:$G$22,MATCH("Pumpkin",CropNames,0))="N",MIN(150,$C$18+IF($C$13,IFERROR(VLOOKUP($C$14,Fertilizers!$B$6:$E$9,2,FALSE()),0),0)),IF(INDEX(Crops!$G$5:$G$22,MATCH("Pumpkin",CropNames,0))="P",MIN(150,$E$18+IF($C$13,IFERROR(VLOOKUP($C$14,Fertilizers!$B$6:$E$9,3,FALSE()),0),0)),MIN(150,$G$18+IF($C$13,IFERROR(VLOOKUP($C$14,Fertilizers!$B$6:$E$9,4,FALSE()),0),0)))),0.25*$C42*TicksPerDay)))))/2>75,1.1,IF(((IF(INDEX(Crops!$G$5:$G$22,MATCH("Pumpkin",CropNames,0))="N",$C$17,IF(INDEX(Crops!$G$5:$G$22,MATCH("Pumpkin",CropNames,0))="P",$E$17,$G$17)))+(MAX(0,IF(INDEX(Crops!$G$5:$G$22,MATCH("Pumpkin",CropNames,0))="N",$C$17,IF(INDEX(Crops!$G$5:$G$22,MATCH("Pumpkin",CropNames,0))="P",$E$17,$G$17))-MAX(0,INDEX(Crops!$H$5:$H$22,MATCH("Pumpkin",CropNames,0))-MIN(IF(INDEX(Crops!$G$5:$G$22,MATCH("Pumpkin",CropNames,0))="N",MIN(150,$C$18+IF($C$13,IFERROR(VLOOKUP($C$14,Fertilizers!$B$6:$E$9,2,FALSE()),0),0)),IF(INDEX(Crops!$G$5:$G$22,MATCH("Pumpkin",CropNames,0))="P",MIN(150,$E$18+IF($C$13,IFERROR(VLOOKUP($C$14,Fertilizers!$B$6:$E$9,3,FALSE()),0),0)),MIN(150,$G$18+IF($C$13,IFERROR(VLOOKUP($C$14,Fertilizers!$B$6:$E$9,4,FALSE()),0),0)))),0.25*$C42*TicksPerDay)))))/2>50,1,IF(((IF(INDEX(Crops!$G$5:$G$22,MATCH("Pumpkin",CropNames,0))="N",$C$17,IF(INDEX(Crops!$G$5:$G$22,MATCH("Pumpkin",CropNames,0))="P",$E$17,$G$17)))+(MAX(0,IF(INDEX(Crops!$G$5:$G$22,MATCH("Pumpkin",CropNames,0))="N",$C$17,IF(INDEX(Crops!$G$5:$G$22,MATCH("Pumpkin",CropNames,0))="P",$E$17,$G$17))-MAX(0,INDEX(Crops!$H$5:$H$22,MATCH("Pumpkin",CropNames,0))-MIN(IF(INDEX(Crops!$G$5:$G$22,MATCH("Pumpkin",CropNames,0))="N",MIN(150,$C$18+IF($C$13,IFERROR(VLOOKUP($C$14,Fertilizers!$B$6:$E$9,2,FALSE()),0),0)),IF(INDEX(Crops!$G$5:$G$22,MATCH("Pumpkin",CropNames,0))="P",MIN(150,$E$18+IF($C$13,IFERROR(VLOOKUP($C$14,Fertilizers!$B$6:$E$9,3,FALSE()),0),0)),MIN(150,$G$18+IF($C$13,IFERROR(VLOOKUP($C$14,Fertilizers!$B$6:$E$9,4,FALSE()),0),0)))),0.25*$C42*TicksPerDay)))))/2>35,0.9,IF(((IF(INDEX(Crops!$G$5:$G$22,MATCH("Pumpkin",CropNames,0))="N",$C$17,IF(INDEX(Crops!$G$5:$G$22,MATCH("Pumpkin",CropNames,0))="P",$E$17,$G$17)))+(MAX(0,IF(INDEX(Crops!$G$5:$G$22,MATCH("Pumpkin",CropNames,0))="N",$C$17,IF(INDEX(Crops!$G$5:$G$22,MATCH("Pumpkin",CropNames,0))="P",$E$17,$G$17))-MAX(0,INDEX(Crops!$H$5:$H$22,MATCH("Pumpkin",CropNames,0))-MIN(IF(INDEX(Crops!$G$5:$G$22,MATCH("Pumpkin",CropNames,0))="N",MIN(150,$C$18+IF($C$13,IFERROR(VLOOKUP($C$14,Fertilizers!$B$6:$E$9,2,FALSE()),0),0)),IF(INDEX(Crops!$G$5:$G$22,MATCH("Pumpkin",CropNames,0))="P",MIN(150,$E$18+IF($C$13,IFERROR(VLOOKUP($C$14,Fertilizers!$B$6:$E$9,3,FALSE()),0),0)),MIN(150,$G$18+IF($C$13,IFERROR(VLOOKUP($C$14,Fertilizers!$B$6:$E$9,4,FALSE()),0),0)))),0.25*$C42*TicksPerDay)))))/2>20,0.6,IF(((IF(INDEX(Crops!$G$5:$G$22,MATCH("Pumpkin",CropNames,0))="N",$C$17,IF(INDEX(Crops!$G$5:$G$22,MATCH("Pumpkin",CropNames,0))="P",$E$17,$G$17)))+(MAX(0,IF(INDEX(Crops!$G$5:$G$22,MATCH("Pumpkin",CropNames,0))="N",$C$17,IF(INDEX(Crops!$G$5:$G$22,MATCH("Pumpkin",CropNames,0))="P",$E$17,$G$17))-MAX(0,INDEX(Crops!$H$5:$H$22,MATCH("Pumpkin",CropNames,0))-MIN(IF(INDEX(Crops!$G$5:$G$22,MATCH("Pumpkin",CropNames,0))="N",MIN(150,$C$18+IF($C$13,IFERROR(VLOOKUP($C$14,Fertilizers!$B$6:$E$9,2,FALSE()),0),0)),IF(INDEX(Crops!$G$5:$G$22,MATCH("Pumpkin",CropNames,0))="P",MIN(150,$E$18+IF($C$13,IFERROR(VLOOKUP($C$14,Fertilizers!$B$6:$E$9,3,FALSE()),0),0)),MIN(150,$G$18+IF($C$13,IFERROR(VLOOKUP($C$14,Fertilizers!$B$6:$E$9,4,FALSE()),0),0)))),0.25*$C42*TicksPerDay)))))/2>5,0.3,0.1)))))*IF($I42="✓ yes",1,IF($I42="barely",0.6,0))*IF($H42="✓ ok",1,IFERROR(IF(ISBLANK(INDEX(Crops!$O$5:$O$22,MATCH("Pumpkin",CropNames,0))),DefaultStuntMul,INDEX(Crops!$O$5:$O$22,MATCH("Pumpkin",CropNames,0))),DefaultStuntMul))*IF($J42="poor",0.7,IF($J42="great",1.2,1))*IF(LEFT($K42,3)="yes",1.3,IF($K42="maybe",1.1,1)),1) -> 11.5 | M42: =IF($I42="✗ no","won't finish",IF($H42="✓ ok",IF($L42>=RANK_TOP3,"top pick",IF($L42>=RANK_TOP10,"good","ok")),"risk: "&$H42)) -> ok
B43: Amaranth | C43: =INDEX(Crops!$F$5:$F$22,MATCH("Amaranth",CropNames,0)) -> 16.02 | D43: =$C$9&"→"&IF(ROUND($C$9+$C43,0)>DaysPerYear,ROUND($C$9+$C43-DaysPerYear,0),ROUND($C$9+$C43,0)) -> 50→66 | E43: =MAX(0,ROUND(SeasonEndDay-($C$9+$C43),0)) -> 18 | F43: =IF($C$11,IF(ROUND($C$9+$C43,0)<=DaysPerYear,MIN(INDEX(Climate!$H$5:$H$112,$C$9):INDEX(Climate!$H$5:$H$112,ROUND($C$9+$C43,0))),MIN(MIN(INDEX(Climate!$H$5:$H$112,$C$9):INDEX(Climate!$H$5:$H$112,ClimateRows)),MIN(INDEX(Climate!$H$5:$H$112,1):INDEX(Climate!$H$5:$H$112,ROUND($C$9+$C43-DaysPerYear,0))))),IF(ROUND($C$9+$C43,0)<=DaysPerYear,MIN(INDEX(Climate!$E$5:$E$112,$C$9):INDEX(Climate!$E$5:$E$112,ROUND($C$9+$C43,0))),MIN(MIN(INDEX(Climate!$E$5:$E$112,$C$9):INDEX(Climate!$E$5:$E$112,ClimateRows)),MIN(INDEX(Climate!$E$5:$E$112,1):INDEX(Climate!$E$5:$E$112,ROUND($C$9+$C43-DaysPerYear,0)))))) -> 4.66 | G43: =IF($C$11,IF(ROUND($C$9+$C43,0)<=DaysPerYear,MAX(INDEX(Climate!$I$5:$I$112,$C$9):INDEX(Climate!$I$5:$I$112,ROUND($C$9+$C43,0))),MAX(MAX(INDEX(Climate!$I$5:$I$112,$C$9):INDEX(Climate!$I$5:$I$112,ClimateRows)),MAX(INDEX(Climate!$I$5:$I$112,1):INDEX(Climate!$I$5:$I$112,ROUND($C$9+$C43-DaysPerYear,0))))),IF(ROUND($C$9+$C43,0)<=DaysPerYear,MAX(INDEX(Climate!$F$5:$F$112,$C$9):INDEX(Climate!$F$5:$F$112,ROUND($C$9+$C43,0))),MAX(MAX(INDEX(Climate!$F$5:$F$112,$C$9):INDEX(Climate!$F$5:$F$112,ClimateRows)),MAX(INDEX(Climate!$F$5:$F$112,1):INDEX(Climate!$F$5:$F$112,ROUND($C$9+$C43-DaysPerYear,0)))))) -> 24.64 | H43: =IF(AND($F43<INDEX(Crops!$K$5:$K$22,MATCH("Amaranth",CropNames,0)),$G43>INDEX(Crops!$M$5:$M$22,MATCH("Amaranth",CropNames,0))),"C+H",IF($F43<INDEX(Crops!$K$5:$K$22,MATCH("Amaranth",CropNames,0)),"COLD",IF($G43>INDEX(Crops!$M$5:$M$22,MATCH("Amaranth",CropNames,0)),"HEAT","✓ ok"))) -> COLD | I43: =IF($C$9+$C43>SeasonEndDay,"✗ no",IF(SeasonEndDay-($C$9+$C43)<3,"barely","✓ yes")) -> ✓ yes | J43: =IF(MAX($C$17,$E$17,$G$17)-MIN($C$17,$E$17,$G$17)<=5,"ok",IF(INDEX(Crops!$G$5:$G$22,MATCH("Amaranth",CropNames,0))="N",IF($C$17=MIN($C$17,$E$17,$G$17),"poor",IF($C$17=MAX($C$17,$E$17,$G$17),"great","ok")),IF(INDEX(Crops!$G$5:$G$22,MATCH("Amaranth",CropNames,0))="P",IF($E$17=MIN($C$17,$E$17,$G$17),"poor",IF($E$17=MAX($C$17,$E$17,$G$17),"great","ok")),IF($G$17=MIN($C$17,$E$17,$G$17),"poor",IF($G$17=MAX($C$17,$E$17,$G$17),"great","ok"))))) -> ok | K43: =IF($E43>=15,"yes (carrot)",IF($E43>=8,"yes (turnip)",IF($E43>=4,"maybe","no"))) -> yes (carrot) | L43: =ROUND(3/$C43*100*IF(((IF(INDEX(Crops!$G$5:$G$22,MATCH("Amaranth",CropNames,0))="N",$C$17,IF(INDEX(Crops!$G$5:$G$22,MATCH("Amaranth",CropNames,0))="P",$E$17,$G$17)))+(MAX(0,IF(INDEX(Crops!$G$5:$G$22,MATCH("Amaranth",CropNames,0))="N",$C$17,IF(INDEX(Crops!$G$5:$G$22,MATCH("Amaranth",CropNames,0))="P",$E$17,$G$17))-MAX(0,INDEX(Crops!$H$5:$H$22,MATCH("Amaranth",CropNames,0))-MIN(IF(INDEX(Crops!$G$5:$G$22,MATCH("Amaranth",CropNames,0))="N",MIN(150,$C$18+IF($C$13,IFERROR(VLOOKUP($C$14,Fertilizers!$B$6:$E$9,2,FALSE()),0),0)),IF(INDEX(Crops!$G$5:$G$22,MATCH("Amaranth",CropNames,0))="P",MIN(150,$E$18+IF($C$13,IFERROR(VLOOKUP($C$14,Fertilizers!$B$6:$E$9,3,FALSE()),0),0)),MIN(150,$G$18+IF($C$13,IFERROR(VLOOKUP($C$14,Fertilizers!$B$6:$E$9,4,FALSE()),0),0)))),0.25*$C43*TicksPerDay)))))/2>75,1.1,IF(((IF(INDEX(Crops!$G$5:$G$22,MATCH("Amaranth",CropNames,0))="N",$C$17,IF(INDEX(Crops!$G$5:$G$22,MATCH("Amaranth",CropNames,0))="P",$E$17,$G$17)))+(MAX(0,IF(INDEX(Crops!$G$5:$G$22,MATCH("Amaranth",CropNames,0))="N",$C$17,IF(INDEX(Crops!$G$5:$G$22,MATCH("Amaranth",CropNames,0))="P",$E$17,$G$17))-MAX(0,INDEX(Crops!$H$5:$H$22,MATCH("Amaranth",CropNames,0))-MIN(IF(INDEX(Crops!$G$5:$G$22,MATCH("Amaranth",CropNames,0))="N",MIN(150,$C$18+IF($C$13,IFERROR(VLOOKUP($C$14,Fertilizers!$B$6:$E$9,2,FALSE()),0),0)),IF(INDEX(Crops!$G$5:$G$22,MATCH("Amaranth",CropNames,0))="P",MIN(150,$E$18+IF($C$13,IFERROR(VLOOKUP($C$14,Fertilizers!$B$6:$E$9,3,FALSE()),0),0)),MIN(150,$G$18+IF($C$13,IFERROR(VLOOKUP($C$14,Fertilizers!$B$6:$E$9,4,FALSE()),0),0)))),0.25*$C43*TicksPerDay)))))/2>50,1,IF(((IF(INDEX(Crops!$G$5:$G$22,MATCH("Amaranth",CropNames,0))="N",$C$17,IF(INDEX(Crops!$G$5:$G$22,MATCH("Amaranth",CropNames,0))="P",$E$17,$G$17)))+(MAX(0,IF(INDEX(Crops!$G$5:$G$22,MATCH("Amaranth",CropNames,0))="N",$C$17,IF(INDEX(Crops!$G$5:$G$22,MATCH("Amaranth",CropNames,0))="P",$E$17,$G$17))-MAX(0,INDEX(Crops!$H$5:$H$22,MATCH("Amaranth",CropNames,0))-MIN(IF(INDEX(Crops!$G$5:$G$22,MATCH("Amaranth",CropNames,0))="N",MIN(150,$C$18+IF($C$13,IFERROR(VLOOKUP($C$14,Fertilizers!$B$6:$E$9,2,FALSE()),0),0)),IF(INDEX(Crops!$G$5:$G$22,MATCH("Amaranth",CropNames,0))="P",MIN(150,$E$18+IF($C$13,IFERROR(VLOOKUP($C$14,Fertilizers!$B$6:$E$9,3,FALSE()),0),0)),MIN(150,$G$18+IF($C$13,IFERROR(VLOOKUP($C$14,Fertilizers!$B$6:$E$9,4,FALSE()),0),0)))),0.25*$C43*TicksPerDay)))))/2>35,0.9,IF(((IF(INDEX(Crops!$G$5:$G$22,MATCH("Amaranth",CropNames,0))="N",$C$17,IF(INDEX(Crops!$G$5:$G$22,MATCH("Amaranth",CropNames,0))="P",$E$17,$G$17)))+(MAX(0,IF(INDEX(Crops!$G$5:$G$22,MATCH("Amaranth",CropNames,0))="N",$C$17,IF(INDEX(Crops!$G$5:$G$22,MATCH("Amaranth",CropNames,0))="P",$E$17,$G$17))-MAX(0,INDEX(Crops!$H$5:$H$22,MATCH("Amaranth",CropNames,0))-MIN(IF(INDEX(Crops!$G$5:$G$22,MATCH("Amaranth",CropNames,0))="N",MIN(150,$C$18+IF($C$13,IFERROR(VLOOKUP($C$14,Fertilizers!$B$6:$E$9,2,FALSE()),0),0)),IF(INDEX(Crops!$G$5:$G$22,MATCH("Amaranth",CropNames,0))="P",MIN(150,$E$18+IF($C$13,IFERROR(VLOOKUP($C$14,Fertilizers!$B$6:$E$9,3,FALSE()),0),0)),MIN(150,$G$18+IF($C$13,IFERROR(VLOOKUP($C$14,Fertilizers!$B$6:$E$9,4,FALSE()),0),0)))),0.25*$C43*TicksPerDay)))))/2>20,0.6,IF(((IF(INDEX(Crops!$G$5:$G$22,MATCH("Amaranth",CropNames,0))="N",$C$17,IF(INDEX(Crops!$G$5:$G$22,MATCH("Amaranth",CropNames,0))="P",$E$17,$G$17)))+(MAX(0,IF(INDEX(Crops!$G$5:$G$22,MATCH("Amaranth",CropNames,0))="N",$C$17,IF(INDEX(Crops!$G$5:$G$22,MATCH("Amaranth",CropNames,0))="P",$E$17,$G$17))-MAX(0,INDEX(Crops!$H$5:$H$22,MATCH("Amaranth",CropNames,0))-MIN(IF(INDEX(Crops!$G$5:$G$22,MATCH("Amaranth",CropNames,0))="N",MIN(150,$C$18+IF($C$13,IFERROR(VLOOKUP($C$14,Fertilizers!$B$6:$E$9,2,FALSE()),0),0)),IF(INDEX(Crops!$G$5:$G$22,MATCH("Amaranth",CropNames,0))="P",MIN(150,$E$18+IF($C$13,IFERROR(VLOOKUP($C$14,Fertilizers!$B$6:$E$9,3,FALSE()),0),0)),MIN(150,$G$18+IF($C$13,IFERROR(VLOOKUP($C$14,Fertilizers!$B$6:$E$9,4,FALSE()),0),0)))),0.25*$C43*TicksPerDay)))))/2>5,0.3,0.1)))))*IF($I43="✓ yes",1,IF($I43="barely",0.6,0))*IF($H43="✓ ok",1,IFERROR(IF(ISBLANK(INDEX(Crops!$O$5:$O$22,MATCH("Amaranth",CropNames,0))),DefaultStuntMul,INDEX(Crops!$O$5:$O$22,MATCH("Amaranth",CropNames,0))),DefaultStuntMul))*IF($J43="poor",0.7,IF($J43="great",1.2,1))*IF(LEFT($K43,3)="yes",1.3,IF($K43="maybe",1.1,1)),1) -> 12.2 | M43: =IF($I43="✗ no","won't finish",IF($H43="✓ ok",IF($L43>=RANK_TOP3,"top pick",IF($L43>=RANK_TOP10,"good","ok")),"risk: "&$H43)) -> risk: COLD
B44: Cassava | C44: =INDEX(Crops!$F$5:$F$22,MATCH("Cassava",CropNames,0)) -> 39.6 | D44: =$C$9&"→"&IF(ROUND($C$9+$C44,0)>DaysPerYear,ROUND($C$9+$C44-DaysPerYear,0),ROUND($C$9+$C44,0)) -> 50→90 | E44: =MAX(0,ROUND(SeasonEndDay-($C$9+$C44),0)) -> 0 | F44: =IF($C$11,IF(ROUND($C$9+$C44,0)<=DaysPerYear,MIN(INDEX(Climate!$H$5:$H$112,$C$9):INDEX(Climate!$H$5:$H$112,ROUND($C$9+$C44,0))),MIN(MIN(INDEX(Climate!$H$5:$H$112,$C$9):INDEX(Climate!$H$5:$H$112,ClimateRows)),MIN(INDEX(Climate!$H$5:$H$112,1):INDEX(Climate!$H$5:$H$112,ROUND($C$9+$C44-DaysPerYear,0))))),IF(ROUND($C$9+$C44,0)<=DaysPerYear,MIN(INDEX(Climate!$E$5:$E$112,$C$9):INDEX(Climate!$E$5:$E$112,ROUND($C$9+$C44,0))),MIN(MIN(INDEX(Climate!$E$5:$E$112,$C$9):INDEX(Climate!$E$5:$E$112,ClimateRows)),MIN(INDEX(Climate!$E$5:$E$112,1):INDEX(Climate!$E$5:$E$112,ROUND($C$9+$C44-DaysPerYear,0)))))) -> -16.52 | G44: =IF($C$11,IF(ROUND($C$9+$C44,0)<=DaysPerYear,MAX(INDEX(Climate!$I$5:$I$112,$C$9):INDEX(Climate!$I$5:$I$112,ROUND($C$9+$C44,0))),MAX(MAX(INDEX(Climate!$I$5:$I$112,$C$9):INDEX(Climate!$I$5:$I$112,ClimateRows)),MAX(INDEX(Climate!$I$5:$I$112,1):INDEX(Climate!$I$5:$I$112,ROUND($C$9+$C44-DaysPerYear,0))))),IF(ROUND($C$9+$C44,0)<=DaysPerYear,MAX(INDEX(Climate!$F$5:$F$112,$C$9):INDEX(Climate!$F$5:$F$112,ROUND($C$9+$C44,0))),MAX(MAX(INDEX(Climate!$F$5:$F$112,$C$9):INDEX(Climate!$F$5:$F$112,ClimateRows)),MAX(INDEX(Climate!$F$5:$F$112,1):INDEX(Climate!$F$5:$F$112,ROUND($C$9+$C44-DaysPerYear,0)))))) -> 24.64 | H44: =IF(AND($F44<INDEX(Crops!$K$5:$K$22,MATCH("Cassava",CropNames,0)),$G44>INDEX(Crops!$M$5:$M$22,MATCH("Cassava",CropNames,0))),"C+H",IF($F44<INDEX(Crops!$K$5:$K$22,MATCH("Cassava",CropNames,0)),"COLD",IF($G44>INDEX(Crops!$M$5:$M$22,MATCH("Cassava",CropNames,0)),"HEAT","✓ ok"))) -> COLD | I44: =IF($C$9+$C44>SeasonEndDay,"✗ no",IF(SeasonEndDay-($C$9+$C44)<3,"barely","✓ yes")) -> ✗ no | J44: =IF(MAX($C$17,$E$17,$G$17)-MIN($C$17,$E$17,$G$17)<=5,"ok",IF(INDEX(Crops!$G$5:$G$22,MATCH("Cassava",CropNames,0))="N",IF($C$17=MIN($C$17,$E$17,$G$17),"poor",IF($C$17=MAX($C$17,$E$17,$G$17),"great","ok")),IF(INDEX(Crops!$G$5:$G$22,MATCH("Cassava",CropNames,0))="P",IF($E$17=MIN($C$17,$E$17,$G$17),"poor",IF($E$17=MAX($C$17,$E$17,$G$17),"great","ok")),IF($G$17=MIN($C$17,$E$17,$G$17),"poor",IF($G$17=MAX($C$17,$E$17,$G$17),"great","ok"))))) -> ok | K44: =IF($E44>=15,"yes (carrot)",IF($E44>=8,"yes (turnip)",IF($E44>=4,"maybe","no"))) -> no | L44: =ROUND(16/$C44*100*IF(((IF(INDEX(Crops!$G$5:$G$22,MATCH("Cassava",CropNames,0))="N",$C$17,IF(INDEX(Crops!$G$5:$G$22,MATCH("Cassava",CropNames,0))="P",$E$17,$G$17)))+(MAX(0,IF(INDEX(Crops!$G$5:$G$22,MATCH("Cassava",CropNames,0))="N",$C$17,IF(INDEX(Crops!$G$5:$G$22,MATCH("Cassava",CropNames,0))="P",$E$17,$G$17))-MAX(0,INDEX(Crops!$H$5:$H$22,MATCH("Cassava",CropNames,0))-MIN(IF(INDEX(Crops!$G$5:$G$22,MATCH("Cassava",CropNames,0))="N",MIN(150,$C$18+IF($C$13,IFERROR(VLOOKUP($C$14,Fertilizers!$B$6:$E$9,2,FALSE()),0),0)),IF(INDEX(Crops!$G$5:$G$22,MATCH("Cassava",CropNames,0))="P",MIN(150,$E$18+IF($C$13,IFERROR(VLOOKUP($C$14,Fertilizers!$B$6:$E$9,3,FALSE()),0),0)),MIN(150,$G$18+IF($C$13,IFERROR(VLOOKUP($C$14,Fertilizers!$B$6:$E$9,4,FALSE()),0),0)))),0.25*$C44*TicksPerDay)))))/2>75,1.1,IF(((IF(INDEX(Crops!$G$5:$G$22,MATCH("Cassava",CropNames,0))="N",$C$17,IF(INDEX(Crops!$G$5:$G$22,MATCH("Cassava",CropNames,0))="P",$E$17,$G$17)))+(MAX(0,IF(INDEX(Crops!$G$5:$G$22,MATCH("Cassava",CropNames,0))="N",$C$17,IF(INDEX(Crops!$G$5:$G$22,MATCH("Cassava",CropNames,0))="P",$E$17,$G$17))-MAX(0,INDEX(Crops!$H$5:$H$22,MATCH("Cassava",CropNames,0))-MIN(IF(INDEX(Crops!$G$5:$G$22,MATCH("Cassava",CropNames,0))="N",MIN(150,$C$18+IF($C$13,IFERROR(VLOOKUP($C$14,Fertilizers!$B$6:$E$9,2,FALSE()),0),0)),IF(INDEX(Crops!$G$5:$G$22,MATCH("Cassava",CropNames,0))="P",MIN(150,$E$18+IF($C$13,IFERROR(VLOOKUP($C$14,Fertilizers!$B$6:$E$9,3,FALSE()),0),0)),MIN(150,$G$18+IF($C$13,IFERROR(VLOOKUP($C$14,Fertilizers!$B$6:$E$9,4,FALSE()),0),0)))),0.25*$C44*TicksPerDay)))))/2>50,1,IF(((IF(INDEX(Crops!$G$5:$G$22,MATCH("Cassava",CropNames,0))="N",$C$17,IF(INDEX(Crops!$G$5:$G$22,MATCH("Cassava",CropNames,0))="P",$E$17,$G$17)))+(MAX(0,IF(INDEX(Crops!$G$5:$G$22,MATCH("Cassava",CropNames,0))="N",$C$17,IF(INDEX(Crops!$G$5:$G$22,MATCH("Cassava",CropNames,0))="P",$E$17,$G$17))-MAX(0,INDEX(Crops!$H$5:$H$22,MATCH("Cassava",CropNames,0))-MIN(IF(INDEX(Crops!$G$5:$G$22,MATCH("Cassava",CropNames,0))="N",MIN(150,$C$18+IF($C$13,IFERROR(VLOOKUP($C$14,Fertilizers!$B$6:$E$9,2,FALSE()),0),0)),IF(INDEX(Crops!$G$5:$G$22,MATCH("Cassava",CropNames,0))="P",MIN(150,$E$18+IF($C$13,IFERROR(VLOOKUP($C$14,Fertilizers!$B$6:$E$9,3,FALSE()),0),0)),MIN(150,$G$18+IF($C$13,IFERROR(VLOOKUP($C$14,Fertilizers!$B$6:$E$9,4,FALSE()),0),0)))),0.25*$C44*TicksPerDay)))))/2>35,0.9,IF(((IF(INDEX(Crops!$G$5:$G$22,MATCH("Cassava",CropNames,0))="N",$C$17,IF(INDEX(Crops!$G$5:$G$22,MATCH("Cassava",CropNames,0))="P",$E$17,$G$17)))+(MAX(0,IF(INDEX(Crops!$G$5:$G$22,MATCH("Cassava",CropNames,0))="N",$C$17,IF(INDEX(Crops!$G$5:$G$22,MATCH("Cassava",CropNames,0))="P",$E$17,$G$17))-MAX(0,INDEX(Crops!$H$5:$H$22,MATCH("Cassava",CropNames,0))-MIN(IF(INDEX(Crops!$G$5:$G$22,MATCH("Cassava",CropNames,0))="N",MIN(150,$C$18+IF($C$13,IFERROR(VLOOKUP($C$14,Fertilizers!$B$6:$E$9,2,FALSE()),0),0)),IF(INDEX(Crops!$G$5:$G$22,MATCH("Cassava",CropNames,0))="P",MIN(150,$E$18+IF($C$13,IFERROR(VLOOKUP($C$14,Fertilizers!$B$6:$E$9,3,FALSE()),0),0)),MIN(150,$G$18+IF($C$13,IFERROR(VLOOKUP($C$14,Fertilizers!$B$6:$E$9,4,FALSE()),0),0)))),0.25*$C44*TicksPerDay)))))/2>20,0.6,IF(((IF(INDEX(Crops!$G$5:$G$22,MATCH("Cassava",CropNames,0))="N",$C$17,IF(INDEX(Crops!$G$5:$G$22,MATCH("Cassava",CropNames,0))="P",$E$17,$G$17)))+(MAX(0,IF(INDEX(Crops!$G$5:$G$22,MATCH("Cassava",CropNames,0))="N",$C$17,IF(INDEX(Crops!$G$5:$G$22,MATCH("Cassava",CropNames,0))="P",$E$17,$G$17))-MAX(0,INDEX(Crops!$H$5:$H$22,MATCH("Cassava",CropNames,0))-MIN(IF(INDEX(Crops!$G$5:$G$22,MATCH("Cassava",CropNames,0))="N",MIN(150,$C$18+IF($C$13,IFERROR(VLOOKUP($C$14,Fertilizers!$B$6:$E$9,2,FALSE()),0),0)),IF(INDEX(Crops!$G$5:$G$22,MATCH("Cassava",CropNames,0))="P",MIN(150,$E$18+IF($C$13,IFERROR(VLOOKUP($C$14,Fertilizers!$B$6:$E$9,3,FALSE()),0),0)),MIN(150,$G$18+IF($C$13,IFERROR(VLOOKUP($C$14,Fertilizers!$B$6:$E$9,4,FALSE()),0),0)))),0.25*$C44*TicksPerDay)))))/2>5,0.3,0.1)))))*IF($I44="✓ yes",1,IF($I44="barely",0.6,0))*IF($H44="✓ ok",1,IFERROR(IF(ISBLANK(INDEX(Crops!$O$5:$O$22,MATCH("Cassava",CropNames,0))),DefaultStuntMul,INDEX(Crops!$O$5:$O$22,MATCH("Cassava",CropNames,0))),DefaultStuntMul))*IF($J44="poor",0.7,IF($J44="great",1.2,1))*IF(LEFT($K44,3)="yes",1.3,IF($K44="maybe",1.1,1)),1) -> 0 | M44: =IF($I44="✗ no","won't finish",IF($H44="✓ ok",IF($L44>=RANK_TOP3,"top pick",IF($L44>=RANK_TOP10,"good","ok")),"risk: "&$H44)) -> won't finish
B45: Peanut | C45: =INDEX(Crops!$F$5:$F$22,MATCH("Peanut",CropNames,0)) -> 19.8 | D45: =$C$9&"→"&IF(ROUND($C$9+$C45,0)>DaysPerYear,ROUND($C$9+$C45-DaysPerYear,0),ROUND($C$9+$C45,0)) -> 50→70 | E45: =MAX(0,ROUND(SeasonEndDay-($C$9+$C45),0)) -> 14 | F45: =IF($C$11,IF(ROUND($C$9+$C45,0)<=DaysPerYear,MIN(INDEX(Climate!$H$5:$H$112,$C$9):INDEX(Climate!$H$5:$H$112,ROUND($C$9+$C45,0))),MIN(MIN(INDEX(Climate!$H$5:$H$112,$C$9):INDEX(Climate!$H$5:$H$112,ClimateRows)),MIN(INDEX(Climate!$H$5:$H$112,1):INDEX(Climate!$H$5:$H$112,ROUND($C$9+$C45-DaysPerYear,0))))),IF(ROUND($C$9+$C45,0)<=DaysPerYear,MIN(INDEX(Climate!$E$5:$E$112,$C$9):INDEX(Climate!$E$5:$E$112,ROUND($C$9+$C45,0))),MIN(MIN(INDEX(Climate!$E$5:$E$112,$C$9):INDEX(Climate!$E$5:$E$112,ClimateRows)),MIN(INDEX(Climate!$E$5:$E$112,1):INDEX(Climate!$E$5:$E$112,ROUND($C$9+$C45-DaysPerYear,0)))))) -> 3.62 | G45: =IF($C$11,IF(ROUND($C$9+$C45,0)<=DaysPerYear,MAX(INDEX(Climate!$I$5:$I$112,$C$9):INDEX(Climate!$I$5:$I$112,ROUND($C$9+$C45,0))),MAX(MAX(INDEX(Climate!$I$5:$I$112,$C$9):INDEX(Climate!$I$5:$I$112,ClimateRows)),MAX(INDEX(Climate!$I$5:$I$112,1):INDEX(Climate!$I$5:$I$112,ROUND($C$9+$C45-DaysPerYear,0))))),IF(ROUND($C$9+$C45,0)<=DaysPerYear,MAX(INDEX(Climate!$F$5:$F$112,$C$9):INDEX(Climate!$F$5:$F$112,ROUND($C$9+$C45,0))),MAX(MAX(INDEX(Climate!$F$5:$F$112,$C$9):INDEX(Climate!$F$5:$F$112,ClimateRows)),MAX(INDEX(Climate!$F$5:$F$112,1):INDEX(Climate!$F$5:$F$112,ROUND($C$9+$C45-DaysPerYear,0)))))) -> 24.64 | H45: =IF(AND($F45<INDEX(Crops!$K$5:$K$22,MATCH("Peanut",CropNames,0)),$G45>INDEX(Crops!$M$5:$M$22,MATCH("Peanut",CropNames,0))),"C+H",IF($F45<INDEX(Crops!$K$5:$K$22,MATCH("Peanut",CropNames,0)),"COLD",IF($G45>INDEX(Crops!$M$5:$M$22,MATCH("Peanut",CropNames,0)),"HEAT","✓ ok"))) -> COLD | I45: =IF($C$9+$C45>SeasonEndDay,"✗ no",IF(SeasonEndDay-($C$9+$C45)<3,"barely","✓ yes")) -> ✓ yes | J45: =IF(MAX($C$17,$E$17,$G$17)-MIN($C$17,$E$17,$G$17)<=5,"ok",IF(INDEX(Crops!$G$5:$G$22,MATCH("Peanut",CropNames,0))="N",IF($C$17=MIN($C$17,$E$17,$G$17),"poor",IF($C$17=MAX($C$17,$E$17,$G$17),"great","ok")),IF(INDEX(Crops!$G$5:$G$22,MATCH("Peanut",CropNames,0))="P",IF($E$17=MIN($C$17,$E$17,$G$17),"poor",IF($E$17=MAX($C$17,$E$17,$G$17),"great","ok")),IF($G$17=MIN($C$17,$E$17,$G$17),"poor",IF($G$17=MAX($C$17,$E$17,$G$17),"great","ok"))))) -> ok | K45: =IF($E45>=15,"yes (carrot)",IF($E45>=8,"yes (turnip)",IF($E45>=4,"maybe","no"))) -> yes (turnip) | L45: =ROUND(10/$C45*100*IF(((IF(INDEX(Crops!$G$5:$G$22,MATCH("Peanut",CropNames,0))="N",$C$17,IF(INDEX(Crops!$G$5:$G$22,MATCH("Peanut",CropNames,0))="P",$E$17,$G$17)))+(MAX(0,IF(INDEX(Crops!$G$5:$G$22,MATCH("Peanut",CropNames,0))="N",$C$17,IF(INDEX(Crops!$G$5:$G$22,MATCH("Peanut",CropNames,0))="P",$E$17,$G$17))-MAX(0,INDEX(Crops!$H$5:$H$22,MATCH("Peanut",CropNames,0))-MIN(IF(INDEX(Crops!$G$5:$G$22,MATCH("Peanut",CropNames,0))="N",MIN(150,$C$18+IF($C$13,IFERROR(VLOOKUP($C$14,Fertilizers!$B$6:$E$9,2,FALSE()),0),0)),IF(INDEX(Crops!$G$5:$G$22,MATCH("Peanut",CropNames,0))="P",MIN(150,$E$18+IF($C$13,IFERROR(VLOOKUP($C$14,Fertilizers!$B$6:$E$9,3,FALSE()),0),0)),MIN(150,$G$18+IF($C$13,IFERROR(VLOOKUP($C$14,Fertilizers!$B$6:$E$9,4,FALSE()),0),0)))),0.25*$C45*TicksPerDay)))))/2>75,1.1,IF(((IF(INDEX(Crops!$G$5:$G$22,MATCH("Peanut",CropNames,0))="N",$C$17,IF(INDEX(Crops!$G$5:$G$22,MATCH("Peanut",CropNames,0))="P",$E$17,$G$17)))+(MAX(0,IF(INDEX(Crops!$G$5:$G$22,MATCH("Peanut",CropNames,0))="N",$C$17,IF(INDEX(Crops!$G$5:$G$22,MATCH("Peanut",CropNames,0))="P",$E$17,$G$17))-MAX(0,INDEX(Crops!$H$5:$H$22,MATCH("Peanut",CropNames,0))-MIN(IF(INDEX(Crops!$G$5:$G$22,MATCH("Peanut",CropNames,0))="N",MIN(150,$C$18+IF($C$13,IFERROR(VLOOKUP($C$14,Fertilizers!$B$6:$E$9,2,FALSE()),0),0)),IF(INDEX(Crops!$G$5:$G$22,MATCH("Peanut",CropNames,0))="P",MIN(150,$E$18+IF($C$13,IFERROR(VLOOKUP($C$14,Fertilizers!$B$6:$E$9,3,FALSE()),0),0)),MIN(150,$G$18+IF($C$13,IFERROR(VLOOKUP($C$14,Fertilizers!$B$6:$E$9,4,FALSE()),0),0)))),0.25*$C45*TicksPerDay)))))/2>50,1,IF(((IF(INDEX(Crops!$G$5:$G$22,MATCH("Peanut",CropNames,0))="N",$C$17,IF(INDEX(Crops!$G$5:$G$22,MATCH("Peanut",CropNames,0))="P",$E$17,$G$17)))+(MAX(0,IF(INDEX(Crops!$G$5:$G$22,MATCH("Peanut",CropNames,0))="N",$C$17,IF(INDEX(Crops!$G$5:$G$22,MATCH("Peanut",CropNames,0))="P",$E$17,$G$17))-MAX(0,INDEX(Crops!$H$5:$H$22,MATCH("Peanut",CropNames,0))-MIN(IF(INDEX(Crops!$G$5:$G$22,MATCH("Peanut",CropNames,0))="N",MIN(150,$C$18+IF($C$13,IFERROR(VLOOKUP($C$14,Fertilizers!$B$6:$E$9,2,FALSE()),0),0)),IF(INDEX(Crops!$G$5:$G$22,MATCH("Peanut",CropNames,0))="P",MIN(150,$E$18+IF($C$13,IFERROR(VLOOKUP($C$14,Fertilizers!$B$6:$E$9,3,FALSE()),0),0)),MIN(150,$G$18+IF($C$13,IFERROR(VLOOKUP($C$14,Fertilizers!$B$6:$E$9,4,FALSE()),0),0)))),0.25*$C45*TicksPerDay)))))/2>35,0.9,IF(((IF(INDEX(Crops!$G$5:$G$22,MATCH("Peanut",CropNames,0))="N",$C$17,IF(INDEX(Crops!$G$5:$G$22,MATCH("Peanut",CropNames,0))="P",$E$17,$G$17)))+(MAX(0,IF(INDEX(Crops!$G$5:$G$22,MATCH("Peanut",CropNames,0))="N",$C$17,IF(INDEX(Crops!$G$5:$G$22,MATCH("Peanut",CropNames,0))="P",$E$17,$G$17))-MAX(0,INDEX(Crops!$H$5:$H$22,MATCH("Peanut",CropNames,0))-MIN(IF(INDEX(Crops!$G$5:$G$22,MATCH("Peanut",CropNames,0))="N",MIN(150,$C$18+IF($C$13,IFERROR(VLOOKUP($C$14,Fertilizers!$B$6:$E$9,2,FALSE()),0),0)),IF(INDEX(Crops!$G$5:$G$22,MATCH("Peanut",CropNames,0))="P",MIN(150,$E$18+IF($C$13,IFERROR(VLOOKUP($C$14,Fertilizers!$B$6:$E$9,3,FALSE()),0),0)),MIN(150,$G$18+IF($C$13,IFERROR(VLOOKUP($C$14,Fertilizers!$B$6:$E$9,4,FALSE()),0),0)))),0.25*$C45*TicksPerDay)))))/2>20,0.6,IF(((IF(INDEX(Crops!$G$5:$G$22,MATCH("Peanut",CropNames,0))="N",$C$17,IF(INDEX(Crops!$G$5:$G$22,MATCH("Peanut",CropNames,0))="P",$E$17,$G$17)))+(MAX(0,IF(INDEX(Crops!$G$5:$G$22,MATCH("Peanut",CropNames,0))="N",$C$17,IF(INDEX(Crops!$G$5:$G$22,MATCH("Peanut",CropNames,0))="P",$E$17,$G$17))-MAX(0,INDEX(Crops!$H$5:$H$22,MATCH("Peanut",CropNames,0))-MIN(IF(INDEX(Crops!$G$5:$G$22,MATCH("Peanut",CropNames,0))="N",MIN(150,$C$18+IF($C$13,IFERROR(VLOOKUP($C$14,Fertilizers!$B$6:$E$9,2,FALSE()),0),0)),IF(INDEX(Crops!$G$5:$G$22,MATCH("Peanut",CropNames,0))="P",MIN(150,$E$18+IF($C$13,IFERROR(VLOOKUP($C$14,Fertilizers!$B$6:$E$9,3,FALSE()),0),0)),MIN(150,$G$18+IF($C$13,IFERROR(VLOOKUP($C$14,Fertilizers!$B$6:$E$9,4,FALSE()),0),0)))),0.25*$C45*TicksPerDay)))))/2>5,0.3,0.1)))))*IF($I45="✓ yes",1,IF($I45="barely",0.6,0))*IF($H45="✓ ok",1,IFERROR(IF(ISBLANK(INDEX(Crops!$O$5:$O$22,MATCH("Peanut",CropNames,0))),DefaultStuntMul,INDEX(Crops!$O$5:$O$22,MATCH("Peanut",CropNames,0))),DefaultStuntMul))*IF($J45="poor",0.7,IF($J45="great",1.2,1))*IF(LEFT($K45,3)="yes",1.3,IF($K45="maybe",1.1,1)),1) -> 29.5 | M45: =IF($I45="✗ no","won't finish",IF($H45="✓ ok",IF($L45>=RANK_TOP3,"top pick",IF($L45>=RANK_TOP10,"good","ok")),"risk: "&$H45)) -> risk: COLD
B46: Rice | C46: =INDEX(Crops!$F$5:$F$22,MATCH("Rice",CropNames,0)) -> 18 | D46: =$C$9&"→"&IF(ROUND($C$9+$C46,0)>DaysPerYear,ROUND($C$9+$C46-DaysPerYear,0),ROUND($C$9+$C46,0)) -> 50→68 | E46: =MAX(0,ROUND(SeasonEndDay-($C$9+$C46),0)) -> 16 | F46: =IF($C$11,IF(ROUND($C$9+$C46,0)<=DaysPerYear,MIN(INDEX(Climate!$H$5:$H$112,$C$9):INDEX(Climate!$H$5:$H$112,ROUND($C$9+$C46,0))),MIN(MIN(INDEX(Climate!$H$5:$H$112,$C$9):INDEX(Climate!$H$5:$H$112,ClimateRows)),MIN(INDEX(Climate!$H$5:$H$112,1):INDEX(Climate!$H$5:$H$112,ROUND($C$9+$C46-DaysPerYear,0))))),IF(ROUND($C$9+$C46,0)<=DaysPerYear,MIN(INDEX(Climate!$E$5:$E$112,$C$9):INDEX(Climate!$E$5:$E$112,ROUND($C$9+$C46,0))),MIN(MIN(INDEX(Climate!$E$5:$E$112,$C$9):INDEX(Climate!$E$5:$E$112,ClimateRows)),MIN(INDEX(Climate!$E$5:$E$112,1):INDEX(Climate!$E$5:$E$112,ROUND($C$9+$C46-DaysPerYear,0)))))) -> 3.79 | G46: =IF($C$11,IF(ROUND($C$9+$C46,0)<=DaysPerYear,MAX(INDEX(Climate!$I$5:$I$112,$C$9):INDEX(Climate!$I$5:$I$112,ROUND($C$9+$C46,0))),MAX(MAX(INDEX(Climate!$I$5:$I$112,$C$9):INDEX(Climate!$I$5:$I$112,ClimateRows)),MAX(INDEX(Climate!$I$5:$I$112,1):INDEX(Climate!$I$5:$I$112,ROUND($C$9+$C46-DaysPerYear,0))))),IF(ROUND($C$9+$C46,0)<=DaysPerYear,MAX(INDEX(Climate!$F$5:$F$112,$C$9):INDEX(Climate!$F$5:$F$112,ROUND($C$9+$C46,0))),MAX(MAX(INDEX(Climate!$F$5:$F$112,$C$9):INDEX(Climate!$F$5:$F$112,ClimateRows)),MAX(INDEX(Climate!$F$5:$F$112,1):INDEX(Climate!$F$5:$F$112,ROUND($C$9+$C46-DaysPerYear,0)))))) -> 24.64 | H46: =IF(AND($F46<INDEX(Crops!$K$5:$K$22,MATCH("Rice",CropNames,0)),$G46>INDEX(Crops!$M$5:$M$22,MATCH("Rice",CropNames,0))),"C+H",IF($F46<INDEX(Crops!$K$5:$K$22,MATCH("Rice",CropNames,0)),"COLD",IF($G46>INDEX(Crops!$M$5:$M$22,MATCH("Rice",CropNames,0)),"HEAT","✓ ok"))) -> COLD | I46: =IF($C$9+$C46>SeasonEndDay,"✗ no",IF(SeasonEndDay-($C$9+$C46)<3,"barely","✓ yes")) -> ✓ yes | J46: =IF(MAX($C$17,$E$17,$G$17)-MIN($C$17,$E$17,$G$17)<=5,"ok",IF(INDEX(Crops!$G$5:$G$22,MATCH("Rice",CropNames,0))="N",IF($C$17=MIN($C$17,$E$17,$G$17),"poor",IF($C$17=MAX($C$17,$E$17,$G$17),"great","ok")),IF(INDEX(Crops!$G$5:$G$22,MATCH("Rice",CropNames,0))="P",IF($E$17=MIN($C$17,$E$17,$G$17),"poor",IF($E$17=MAX($C$17,$E$17,$G$17),"great","ok")),IF($G$17=MIN($C$17,$E$17,$G$17),"poor",IF($G$17=MAX($C$17,$E$17,$G$17),"great","ok"))))) -> ok | K46: =IF($E46>=15,"yes (carrot)",IF($E46>=8,"yes (turnip)",IF($E46>=4,"maybe","no"))) -> yes (carrot) | L46: =ROUND(6.5/$C46*100*IF(((IF(INDEX(Crops!$G$5:$G$22,MATCH("Rice",CropNames,0))="N",$C$17,IF(INDEX(Crops!$G$5:$G$22,MATCH("Rice",CropNames,0))="P",$E$17,$G$17)))+(MAX(0,IF(INDEX(Crops!$G$5:$G$22,MATCH("Rice",CropNames,0))="N",$C$17,IF(INDEX(Crops!$G$5:$G$22,MATCH("Rice",CropNames,0))="P",$E$17,$G$17))-MAX(0,INDEX(Crops!$H$5:$H$22,MATCH("Rice",CropNames,0))-MIN(IF(INDEX(Crops!$G$5:$G$22,MATCH("Rice",CropNames,0))="N",MIN(150,$C$18+IF($C$13,IFERROR(VLOOKUP($C$14,Fertilizers!$B$6:$E$9,2,FALSE()),0),0)),IF(INDEX(Crops!$G$5:$G$22,MATCH("Rice",CropNames,0))="P",MIN(150,$E$18+IF($C$13,IFERROR(VLOOKUP($C$14,Fertilizers!$B$6:$E$9,3,FALSE()),0),0)),MIN(150,$G$18+IF($C$13,IFERROR(VLOOKUP($C$14,Fertilizers!$B$6:$E$9,4,FALSE()),0),0)))),0.25*$C46*TicksPerDay)))))/2>75,1.1,IF(((IF(INDEX(Crops!$G$5:$G$22,MATCH("Rice",CropNames,0))="N",$C$17,IF(INDEX(Crops!$G$5:$G$22,MATCH("Rice",CropNames,0))="P",$E$17,$G$17)))+(MAX(0,IF(INDEX(Crops!$G$5:$G$22,MATCH("Rice",CropNames,0))="N",$C$17,IF(INDEX(Crops!$G$5:$G$22,MATCH("Rice",CropNames,0))="P",$E$17,$G$17))-MAX(0,INDEX(Crops!$H$5:$H$22,MATCH("Rice",CropNames,0))-MIN(IF(INDEX(Crops!$G$5:$G$22,MATCH("Rice",CropNames,0))="N",MIN(150,$C$18+IF($C$13,IFERROR(VLOOKUP($C$14,Fertilizers!$B$6:$E$9,2,FALSE()),0),0)),IF(INDEX(Crops!$G$5:$G$22,MATCH("Rice",CropNames,0))="P",MIN(150,$E$18+IF($C$13,IFERROR(VLOOKUP($C$14,Fertilizers!$B$6:$E$9,3,FALSE()),0),0)),MIN(150,$G$18+IF($C$13,IFERROR(VLOOKUP($C$14,Fertilizers!$B$6:$E$9,4,FALSE()),0),0)))),0.25*$C46*TicksPerDay)))))/2>50,1,IF(((IF(INDEX(Crops!$G$5:$G$22,MATCH("Rice",CropNames,0))="N",$C$17,IF(INDEX(Crops!$G$5:$G$22,MATCH("Rice",CropNames,0))="P",$E$17,$G$17)))+(MAX(0,IF(INDEX(Crops!$G$5:$G$22,MATCH("Rice",CropNames,0))="N",$C$17,IF(INDEX(Crops!$G$5:$G$22,MATCH("Rice",CropNames,0))="P",$E$17,$G$17))-MAX(0,INDEX(Crops!$H$5:$H$22,MATCH("Rice",CropNames,0))-MIN(IF(INDEX(Crops!$G$5:$G$22,MATCH("Rice",CropNames,0))="N",MIN(150,$C$18+IF($C$13,IFERROR(VLOOKUP($C$14,Fertilizers!$B$6:$E$9,2,FALSE()),0),0)),IF(INDEX(Crops!$G$5:$G$22,MATCH("Rice",CropNames,0))="P",MIN(150,$E$18+IF($C$13,IFERROR(VLOOKUP($C$14,Fertilizers!$B$6:$E$9,3,FALSE()),0),0)),MIN(150,$G$18+IF($C$13,IFERROR(VLOOKUP($C$14,Fertilizers!$B$6:$E$9,4,FALSE()),0),0)))),0.25*$C46*TicksPerDay)))))/2>35,0.9,IF(((IF(INDEX(Crops!$G$5:$G$22,MATCH("Rice",CropNames,0))="N",$C$17,IF(INDEX(Crops!$G$5:$G$22,MATCH("Rice",CropNames,0))="P",$E$17,$G$17)))+(MAX(0,IF(INDEX(Crops!$G$5:$G$22,MATCH("Rice",CropNames,0))="N",$C$17,IF(INDEX(Crops!$G$5:$G$22,MATCH("Rice",CropNames,0))="P",$E$17,$G$17))-MAX(0,INDEX(Crops!$H$5:$H$22,MATCH("Rice",CropNames,0))-MIN(IF(INDEX(Crops!$G$5:$G$22,MATCH("Rice",CropNames,0))="N",MIN(150,$C$18+IF($C$13,IFERROR(VLOOKUP($C$14,Fertilizers!$B$6:$E$9,2,FALSE()),0),0)),IF(INDEX(Crops!$G$5:$G$22,MATCH("Rice",CropNames,0))="P",MIN(150,$E$18+IF($C$13,IFERROR(VLOOKUP($C$14,Fertilizers!$B$6:$E$9,3,FALSE()),0),0)),MIN(150,$G$18+IF($C$13,IFERROR(VLOOKUP($C$14,Fertilizers!$B$6:$E$9,4,FALSE()),0),0)))),0.25*$C46*TicksPerDay)))))/2>20,0.6,IF(((IF(INDEX(Crops!$G$5:$G$22,MATCH("Rice",CropNames,0))="N",$C$17,IF(INDEX(Crops!$G$5:$G$22,MATCH("Rice",CropNames,0))="P",$E$17,$G$17)))+(MAX(0,IF(INDEX(Crops!$G$5:$G$22,MATCH("Rice",CropNames,0))="N",$C$17,IF(INDEX(Crops!$G$5:$G$22,MATCH("Rice",CropNames,0))="P",$E$17,$G$17))-MAX(0,INDEX(Crops!$H$5:$H$22,MATCH("Rice",CropNames,0))-MIN(IF(INDEX(Crops!$G$5:$G$22,MATCH("Rice",CropNames,0))="N",MIN(150,$C$18+IF($C$13,IFERROR(VLOOKUP($C$14,Fertilizers!$B$6:$E$9,2,FALSE()),0),0)),IF(INDEX(Crops!$G$5:$G$22,MATCH("Rice",CropNames,0))="P",MIN(150,$E$18+IF($C$13,IFERROR(VLOOKUP($C$14,Fertilizers!$B$6:$E$9,3,FALSE()),0),0)),MIN(150,$G$18+IF($C$13,IFERROR(VLOOKUP($C$14,Fertilizers!$B$6:$E$9,4,FALSE()),0),0)))),0.25*$C46*TicksPerDay)))))/2>5,0.3,0.1)))))*IF($I46="✓ yes",1,IF($I46="barely",0.6,0))*IF($H46="✓ ok",1,IFERROR(IF(ISBLANK(INDEX(Crops!$O$5:$O$22,MATCH("Rice",CropNames,0))),DefaultStuntMul,INDEX(Crops!$O$5:$O$22,MATCH("Rice",CropNames,0))),DefaultStuntMul))*IF($J46="poor",0.7,IF($J46="great",1.2,1))*IF(LEFT($K46,3)="yes",1.3,IF($K46="maybe",1.1,1)),1) -> 21.1 | M46: =IF($I46="✗ no","won't finish",IF($H46="✓ ok",IF($L46>=RANK_TOP3,"top pick",IF($L46>=RANK_TOP10,"good","ok")),"risk: "&$H46)) -> risk: COLD
B47: Pineapple | C47: =INDEX(Crops!$F$5:$F$22,MATCH("Pineapple",CropNames,0)) -> 50.4 | D47: =$C$9&"→"&IF(ROUND($C$9+$C47,0)>DaysPerYear,ROUND($C$9+$C47-DaysPerYear,0),ROUND($C$9+$C47,0)) -> 50→100 | E47: =MAX(0,ROUND(SeasonEndDay-($C$9+$C47),0)) -> 0 | F47: =IF($C$11,IF(ROUND($C$9+$C47,0)<=DaysPerYear,MIN(INDEX(Climate!$H$5:$H$112,$C$9):INDEX(Climate!$H$5:$H$112,ROUND($C$9+$C47,0))),MIN(MIN(INDEX(Climate!$H$5:$H$112,$C$9):INDEX(Climate!$H$5:$H$112,ClimateRows)),MIN(INDEX(Climate!$H$5:$H$112,1):INDEX(Climate!$H$5:$H$112,ROUND($C$9+$C47-DaysPerYear,0))))),IF(ROUND($C$9+$C47,0)<=DaysPerYear,MIN(INDEX(Climate!$E$5:$E$112,$C$9):INDEX(Climate!$E$5:$E$112,ROUND($C$9+$C47,0))),MIN(MIN(INDEX(Climate!$E$5:$E$112,$C$9):INDEX(Climate!$E$5:$E$112,ClimateRows)),MIN(INDEX(Climate!$E$5:$E$112,1):INDEX(Climate!$E$5:$E$112,ROUND($C$9+$C47-DaysPerYear,0)))))) -> -26.55 | G47: =IF($C$11,IF(ROUND($C$9+$C47,0)<=DaysPerYear,MAX(INDEX(Climate!$I$5:$I$112,$C$9):INDEX(Climate!$I$5:$I$112,ROUND($C$9+$C47,0))),MAX(MAX(INDEX(Climate!$I$5:$I$112,$C$9):INDEX(Climate!$I$5:$I$112,ClimateRows)),MAX(INDEX(Climate!$I$5:$I$112,1):INDEX(Climate!$I$5:$I$112,ROUND($C$9+$C47-DaysPerYear,0))))),IF(ROUND($C$9+$C47,0)<=DaysPerYear,MAX(INDEX(Climate!$F$5:$F$112,$C$9):INDEX(Climate!$F$5:$F$112,ROUND($C$9+$C47,0))),MAX(MAX(INDEX(Climate!$F$5:$F$112,$C$9):INDEX(Climate!$F$5:$F$112,ClimateRows)),MAX(INDEX(Climate!$F$5:$F$112,1):INDEX(Climate!$F$5:$F$112,ROUND($C$9+$C47-DaysPerYear,0)))))) -> 24.64 | H47: =IF(AND($F47<INDEX(Crops!$K$5:$K$22,MATCH("Pineapple",CropNames,0)),$G47>INDEX(Crops!$M$5:$M$22,MATCH("Pineapple",CropNames,0))),"C+H",IF($F47<INDEX(Crops!$K$5:$K$22,MATCH("Pineapple",CropNames,0)),"COLD",IF($G47>INDEX(Crops!$M$5:$M$22,MATCH("Pineapple",CropNames,0)),"HEAT","✓ ok"))) -> COLD | I47: =IF($C$9+$C47>SeasonEndDay,"✗ no",IF(SeasonEndDay-($C$9+$C47)<3,"barely","✓ yes")) -> ✗ no | J47: =IF(MAX($C$17,$E$17,$G$17)-MIN($C$17,$E$17,$G$17)<=5,"ok",IF(INDEX(Crops!$G$5:$G$22,MATCH("Pineapple",CropNames,0))="N",IF($C$17=MIN($C$17,$E$17,$G$17),"poor",IF($C$17=MAX($C$17,$E$17,$G$17),"great","ok")),IF(INDEX(Crops!$G$5:$G$22,MATCH("Pineapple",CropNames,0))="P",IF($E$17=MIN($C$17,$E$17,$G$17),"poor",IF($E$17=MAX($C$17,$E$17,$G$17),"great","ok")),IF($G$17=MIN($C$17,$E$17,$G$17),"poor",IF($G$17=MAX($C$17,$E$17,$G$17),"great","ok"))))) -> ok | K47: =IF($E47>=15,"yes (carrot)",IF($E47>=8,"yes (turnip)",IF($E47>=4,"maybe","no"))) -> no | L47: =ROUND(1/$C47*100*IF(((IF(INDEX(Crops!$G$5:$G$22,MATCH("Pineapple",CropNames,0))="N",$C$17,IF(INDEX(Crops!$G$5:$G$22,MATCH("Pineapple",CropNames,0))="P",$E$17,$G$17)))+(MAX(0,IF(INDEX(Crops!$G$5:$G$22,MATCH("Pineapple",CropNames,0))="N",$C$17,IF(INDEX(Crops!$G$5:$G$22,MATCH("Pineapple",CropNames,0))="P",$E$17,$G$17))-MAX(0,INDEX(Crops!$H$5:$H$22,MATCH("Pineapple",CropNames,0))-MIN(IF(INDEX(Crops!$G$5:$G$22,MATCH("Pineapple",CropNames,0))="N",MIN(150,$C$18+IF($C$13,IFERROR(VLOOKUP($C$14,Fertilizers!$B$6:$E$9,2,FALSE()),0),0)),IF(INDEX(Crops!$G$5:$G$22,MATCH("Pineapple",CropNames,0))="P",MIN(150,$E$18+IF($C$13,IFERROR(VLOOKUP($C$14,Fertilizers!$B$6:$E$9,3,FALSE()),0),0)),MIN(150,$G$18+IF($C$13,IFERROR(VLOOKUP($C$14,Fertilizers!$B$6:$E$9,4,FALSE()),0),0)))),0.25*$C47*TicksPerDay)))))/2>75,1.1,IF(((IF(INDEX(Crops!$G$5:$G$22,MATCH("Pineapple",CropNames,0))="N",$C$17,IF(INDEX(Crops!$G$5:$G$22,MATCH("Pineapple",CropNames,0))="P",$E$17,$G$17)))+(MAX(0,IF(INDEX(Crops!$G$5:$G$22,MATCH("Pineapple",CropNames,0))="N",$C$17,IF(INDEX(Crops!$G$5:$G$22,MATCH("Pineapple",CropNames,0))="P",$E$17,$G$17))-MAX(0,INDEX(Crops!$H$5:$H$22,MATCH("Pineapple",CropNames,0))-MIN(IF(INDEX(Crops!$G$5:$G$22,MATCH("Pineapple",CropNames,0))="N",MIN(150,$C$18+IF($C$13,IFERROR(VLOOKUP($C$14,Fertilizers!$B$6:$E$9,2,FALSE()),0),0)),IF(INDEX(Crops!$G$5:$G$22,MATCH("Pineapple",CropNames,0))="P",MIN(150,$E$18+IF($C$13,IFERROR(VLOOKUP($C$14,Fertilizers!$B$6:$E$9,3,FALSE()),0),0)),MIN(150,$G$18+IF($C$13,IFERROR(VLOOKUP($C$14,Fertilizers!$B$6:$E$9,4,FALSE()),0),0)))),0.25*$C47*TicksPerDay)))))/2>50,1,IF(((IF(INDEX(Crops!$G$5:$G$22,MATCH("Pineapple",CropNames,0))="N",$C$17,IF(INDEX(Crops!$G$5:$G$22,MATCH("Pineapple",CropNames,0))="P",$E$17,$G$17)))+(MAX(0,IF(INDEX(Crops!$G$5:$G$22,MATCH("Pineapple",CropNames,0))="N",$C$17,IF(INDEX(Crops!$G$5:$G$22,MATCH("Pineapple",CropNames,0))="P",$E$17,$G$17))-MAX(0,INDEX(Crops!$H$5:$H$22,MATCH("Pineapple",CropNames,0))-MIN(IF(INDEX(Crops!$G$5:$G$22,MATCH("Pineapple",CropNames,0))="N",MIN(150,$C$18+IF($C$13,IFERROR(VLOOKUP($C$14,Fertilizers!$B$6:$E$9,2,FALSE()),0),0)),IF(INDEX(Crops!$G$5:$G$22,MATCH("Pineapple",CropNames,0))="P",MIN(150,$E$18+IF($C$13,IFERROR(VLOOKUP($C$14,Fertilizers!$B$6:$E$9,3,FALSE()),0),0)),MIN(150,$G$18+IF($C$13,IFERROR(VLOOKUP($C$14,Fertilizers!$B$6:$E$9,4,FALSE()),0),0)))),0.25*$C47*TicksPerDay)))))/2>35,0.9,IF(((IF(INDEX(Crops!$G$5:$G$22,MATCH("Pineapple",CropNames,0))="N",$C$17,IF(INDEX(Crops!$G$5:$G$22,MATCH("Pineapple",CropNames,0))="P",$E$17,$G$17)))+(MAX(0,IF(INDEX(Crops!$G$5:$G$22,MATCH("Pineapple",CropNames,0))="N",$C$17,IF(INDEX(Crops!$G$5:$G$22,MATCH("Pineapple",CropNames,0))="P",$E$17,$G$17))-MAX(0,INDEX(Crops!$H$5:$H$22,MATCH("Pineapple",CropNames,0))-MIN(IF(INDEX(Crops!$G$5:$G$22,MATCH("Pineapple",CropNames,0))="N",MIN(150,$C$18+IF($C$13,IFERROR(VLOOKUP($C$14,Fertilizers!$B$6:$E$9,2,FALSE()),0),0)),IF(INDEX(Crops!$G$5:$G$22,MATCH("Pineapple",CropNames,0))="P",MIN(150,$E$18+IF($C$13,IFERROR(VLOOKUP($C$14,Fertilizers!$B$6:$E$9,3,FALSE()),0),0)),MIN(150,$G$18+IF($C$13,IFERROR(VLOOKUP($C$14,Fertilizers!$B$6:$E$9,4,FALSE()),0),0)))),0.25*$C47*TicksPerDay)))))/2>20,0.6,IF(((IF(INDEX(Crops!$G$5:$G$22,MATCH("Pineapple",CropNames,0))="N",$C$17,IF(INDEX(Crops!$G$5:$G$22,MATCH("Pineapple",CropNames,0))="P",$E$17,$G$17)))+(MAX(0,IF(INDEX(Crops!$G$5:$G$22,MATCH("Pineapple",CropNames,0))="N",$C$17,IF(INDEX(Crops!$G$5:$G$22,MATCH("Pineapple",CropNames,0))="P",$E$17,$G$17))-MAX(0,INDEX(Crops!$H$5:$H$22,MATCH("Pineapple",CropNames,0))-MIN(IF(INDEX(Crops!$G$5:$G$22,MATCH("Pineapple",CropNames,0))="N",MIN(150,$C$18+IF($C$13,IFERROR(VLOOKUP($C$14,Fertilizers!$B$6:$E$9,2,FALSE()),0),0)),IF(INDEX(Crops!$G$5:$G$22,MATCH("Pineapple",CropNames,0))="P",MIN(150,$E$18+IF($C$13,IFERROR(VLOOKUP($C$14,Fertilizers!$B$6:$E$9,3,FALSE()),0),0)),MIN(150,$G$18+IF($C$13,IFERROR(VLOOKUP($C$14,Fertilizers!$B$6:$E$9,4,FALSE()),0),0)))),0.25*$C47*TicksPerDay)))))/2>5,0.3,0.1)))))*IF($I47="✓ yes",1,IF($I47="barely",0.6,0))*IF($H47="✓ ok",1,IFERROR(IF(ISBLANK(INDEX(Crops!$O$5:$O$22,MATCH("Pineapple",CropNames,0))),DefaultStuntMul,INDEX(Crops!$O$5:$O$22,MATCH("Pineapple",CropNames,0))),DefaultStuntMul))*IF($J47="poor",0.7,IF($J47="great",1.2,1))*IF(LEFT($K47,3)="yes",1.3,IF($K47="maybe",1.1,1)),1) -> 0 | M47: =IF($I47="✗ no","won't finish",IF($H47="✓ ok",IF($L47>=RANK_TOP3,"top pick",IF($L47>=RANK_TOP10,"good","ok")),"risk: "&$H47)) -> won't finish
K48: 3rd score: | L48: =LARGE($L$30:$L$47,3) -> 101.3
K49: 10th score: | L49: =LARGE($L$30:$L$47,10) -> 40.2
B51: 4 · Top 3 crop chains. Best 2-crop sequences from today
B53: Rank | C53: First crop | D53: Plant | E53: Harvest | F53: Then plant | G53: Final harvest | H53: Days to spare | I53: Combined yield | J53: Verdict
B54: #1 | C54: =INDEX($B$30:$B$47,MATCH(LARGE($L$30:$L$47,1),$L$30:$L$47,0)) -> Carrot | D54: =$C$9 -> 50 | E54: =ROUND($C$9+INDEX($C$30:$C$47,MATCH(LARGE($L$30:$L$47,1),$L$30:$L$47,0)),0) -> 59 | F54: =IF(INDEX($E$30:$E$47,MATCH(LARGE($L$30:$L$47,1),$L$30:$L$47,0))<7,"(none)",IF(INDEX(Crops!$G$5:$G$22,MATCH(INDEX($B$30:$B$47,MATCH(LARGE($L$30:$L$47,1),$L$30:$L$47,0)),CropNames,0))="N",IF(INDEX($E$30:$E$47,MATCH(LARGE($L$30:$L$47,1),$L$30:$L$47,0))>=10,"Carrot",IF(INDEX($E$30:$E$47,MATCH(LARGE($L$30:$L$47,1),$L$30:$L$47,0))>=14,"Onion","Soybean")),IF(INDEX(Crops!$G$5:$G$22,MATCH(INDEX($B$30:$B$47,MATCH(LARGE($L$30:$L$47,1),$L$30:$L$47,0)),CropNames,0))="K",IF(INDEX($E$30:$E$47,MATCH(LARGE($L$30:$L$47,1),$L$30:$L$47,0))>=8,"Turnip",IF(INDEX($E$30:$E$47,MATCH(LARGE($L$30:$L$47,1),$L$30:$L$47,0))>=14,"Onion","(none)")),IF(INDEX($E$30:$E$47,MATCH(LARGE($L$30:$L$47,1),$L$30:$L$47,0))>=8,"Turnip",IF(INDEX($E$30:$E$47,MATCH(LARGE($L$30:$L$47,1),$L$30:$L$47,0))>=10,"Carrot","(none)"))))) -> Turnip | G54: =IF(F54="(none)",E54,ROUND(E54+IFERROR(INDEX(Crops!$F$5:$F$22,MATCH(F54,CropNames,0)),0),0)) -> 66 | H54: =MAX(0,ROUND(SeasonEndDay-G54,0)) -> 18 | I54: ="~"&ROUND(INDEX($L$30:$L$47,MATCH(LARGE($L$30:$L$47,1),$L$30:$L$47,0)),1)&" score" -> ~138.8 score | J54: =IF(F54="(none)","single-crop only. No follow-up fits",IF(H54>=5,"comfortable margin","tight schedule")) -> comfortable margin
B55: #2 | C55: =INDEX($B$30:$B$47,MATCH(LARGE($L$30:$L$47,2),$L$30:$L$47,0)) -> Turnip | D55: =$C$9 -> 50 | E55: =ROUND($C$9+INDEX($C$30:$C$47,MATCH(LARGE($L$30:$L$47,2),$L$30:$L$47,0)),0) -> 57 | F55: =IF(INDEX($E$30:$E$47,MATCH(LARGE($L$30:$L$47,2),$L$30:$L$47,0))<7,"(none)",IF(INDEX(Crops!$G$5:$G$22,MATCH(INDEX($B$30:$B$47,MATCH(LARGE($L$30:$L$47,2),$L$30:$L$47,0)),CropNames,0))="N",IF(INDEX($E$30:$E$47,MATCH(LARGE($L$30:$L$47,2),$L$30:$L$47,0))>=10,"Carrot",IF(INDEX($E$30:$E$47,MATCH(LARGE($L$30:$L$47,2),$L$30:$L$47,0))>=14,"Onion","Soybean")),IF(INDEX(Crops!$G$5:$G$22,MATCH(INDEX($B$30:$B$47,MATCH(LARGE($L$30:$L$47,2),$L$30:$L$47,0)),CropNames,0))="K",IF(INDEX($E$30:$E$47,MATCH(LARGE($L$30:$L$47,2),$L$30:$L$47,0))>=8,"Turnip",IF(INDEX($E$30:$E$47,MATCH(LARGE($L$30:$L$47,2),$L$30:$L$47,0))>=14,"Onion","(none)")),IF(INDEX($E$30:$E$47,MATCH(LARGE($L$30:$L$47,2),$L$30:$L$47,0))>=8,"Turnip",IF(INDEX($E$30:$E$47,MATCH(LARGE($L$30:$L$47,2),$L$30:$L$47,0))>=10,"Carrot","(none)"))))) -> Carrot | G55: =IF(F55="(none)",E55,ROUND(E55+IFERROR(INDEX(Crops!$F$5:$F$22,MATCH(F55,CropNames,0)),0),0)) -> 66 | H55: =MAX(0,ROUND(SeasonEndDay-G55,0)) -> 18 | I55: ="~"&ROUND(INDEX($L$30:$L$47,MATCH(LARGE($L$30:$L$47,2),$L$30:$L$47,0)),1)&" score" -> ~126.4 score | J55: =IF(F55="(none)","single-crop only. No follow-up fits",IF(H55>=5,"comfortable margin","tight schedule")) -> comfortable margin
B56: #3 | C56: =INDEX($B$30:$B$47,MATCH(LARGE($L$30:$L$47,3),$L$30:$L$47,0)) -> Onion | D56: =$C$9 -> 50 | E56: =ROUND($C$9+INDEX($C$30:$C$47,MATCH(LARGE($L$30:$L$47,3),$L$30:$L$47,0)),0) -> 64 | F56: =IF(INDEX($E$30:$E$47,MATCH(LARGE($L$30:$L$47,3),$L$30:$L$47,0))<7,"(none)",IF(INDEX(Crops!$G$5:$G$22,MATCH(INDEX($B$30:$B$47,MATCH(LARGE($L$30:$L$47,3),$L$30:$L$47,0)),CropNames,0))="N",IF(INDEX($E$30:$E$47,MATCH(LARGE($L$30:$L$47,3),$L$30:$L$47,0))>=10,"Carrot",IF(INDEX($E$30:$E$47,MATCH(LARGE($L$30:$L$47,3),$L$30:$L$47,0))>=14,"Onion","Soybean")),IF(INDEX(Crops!$G$5:$G$22,MATCH(INDEX($B$30:$B$47,MATCH(LARGE($L$30:$L$47,3),$L$30:$L$47,0)),CropNames,0))="K",IF(INDEX($E$30:$E$47,MATCH(LARGE($L$30:$L$47,3),$L$30:$L$47,0))>=8,"Turnip",IF(INDEX($E$30:$E$47,MATCH(LARGE($L$30:$L$47,3),$L$30:$L$47,0))>=14,"Onion","(none)")),IF(INDEX($E$30:$E$47,MATCH(LARGE($L$30:$L$47,3),$L$30:$L$47,0))>=8,"Turnip",IF(INDEX($E$30:$E$47,MATCH(LARGE($L$30:$L$47,3),$L$30:$L$47,0))>=10,"Carrot","(none)"))))) -> Turnip | G56: =IF(F56="(none)",E56,ROUND(E56+IFERROR(INDEX(Crops!$F$5:$F$22,MATCH(F56,CropNames,0)),0),0)) -> 71 | H56: =MAX(0,ROUND(SeasonEndDay-G56,0)) -> 13 | I56: ="~"&ROUND(INDEX($L$30:$L$47,MATCH(LARGE($L$30:$L$47,3),$L$30:$L$47,0)),1)&" score" -> ~101.3 score | J56: =IF(F56="(none)","single-crop only. No follow-up fits",IF(H56>=5,"comfortable margin","tight schedule")) -> comfortable margin
B58: 5 · Warnings & guidance
B60: =IF(LEN(IF($C$9>SeasonEndDay,CHAR(10)&"⚠ Outdoor planting won't work. Season ended day "&SeasonEndDay&". Use greenhouse or wait until day 34.","")&IF(AND($C$11=FALSE(),$C$9+15>SeasonEndDay),CHAR(10)&"⚠ Less than 15 days of growing season left. Even fast crops may not finish without greenhouse.","")&IF(MIN($C$17,$E$17,$G$17)<10,CHAR(10)&"⚠ A nutrient axis is critically low (<10). Strongly consider applying compost before planting.","")&IF(AND($C$13=FALSE(),MIN($C$17,$E$17,$G$17)<25),CHAR(10)&"💡 You said you won't fertilize. At least one axis is low. Yields will be reduced. Consider Bonemeal (P), Saltpeter (NK), or Compost (NPK).","")&IF($C$11,CHAR(10)&"💡 Greenhouse adds +5°C. Extends growing season AND lets warm crops (Cassava, Peanut, Rice) become viable.","")&IF(AND(NOT($C$11),$C$9>=70,$C$9<=85),CHAR(10)&"💡 Late season. Only Rye/Carrot/Parsnip are reliably hardy. Hardy crops (stunt mul = 0.75) survive cold better.","")&IF(AND($C$10>=65,MIN($C$17,$E$17,$G$17)>=50),CHAR(10)&"✓ Soil is in good shape. Focus on rotation: pick a crop whose nutrient is your highest axis.","")&IF($C$9<34,CHAR(10)&"⚠ Spring hasn't started yet (day 34 = first warm day). Outdoor planting too cold; only greenhouse with hardy crops will work.",""))=0,"",MID(IF($C$9>SeasonEndDay,CHAR(10)&"⚠ Outdoor planting won't work. Season ended day "&SeasonEndDay&". Use greenhouse or wait until day 34.","")&IF(AND($C$11=FALSE(),$C$9+15>SeasonEndDay),CHAR(10)&"⚠ Less than 15 days of growing season left. Even fast crops may not finish without greenhouse.","")&IF(MIN($C$17,$E$17,$G$17)<10,CHAR(10)&"⚠ A nutrient axis is critically low (<10). Strongly consider applying compost before planting.","")&IF(AND($C$13=FALSE(),MIN($C$17,$E$17,$G$17)<25),CHAR(10)&"💡 You said you won't fertilize. At least one axis is low. Yields will be reduced. Consider Bonemeal (P), Saltpeter (NK), or Compost (NPK).","")&IF($C$11,CHAR(10)&"💡 Greenhouse adds +5°C. Extends growing season AND lets warm crops (Cassava, Peanut, Rice) become viable.","")&IF(AND(NOT($C$11),$C$9>=70,$C$9<=85),CHAR(10)&"💡 Late season. Only Rye/Carrot/Parsnip are reliably hardy. Hardy crops (stunt mul = 0.75) survive cold better.","")&IF(AND($C$10>=65,MIN($C$17,$E$17,$G$17)>=50),CHAR(10)&"✓ Soil is in good shape. Focus on rotation: pick a crop whose nutrient is your highest axis.","")&IF($C$9<34,CHAR(10)&"⚠ Spring hasn't started yet (day 34 = first warm day). Outdoor planting too cold; only greenhouse with hardy crops will work.",""),2,9999)) -> ✓ Soil is in good shape. Focus on rotation: pick a crop whose nutrient is your highest axis.
B68: 6 · Nutrient outlook for top pick
B69: ="Top pick "&INDEX($B$30:$B$47,MATCH(LARGE($L$30:$L$47,1),$L$30:$L$47,0))&" needs "&INDEX(Crops!$G$5:$G$22,MATCH(INDEX($B$30:$B$47,MATCH(LARGE($L$30:$L$47,1),$L$30:$L$47,0)),CropNames,0))&". Starting "&INDEX(Crops!$G$5:$G$22,MATCH(INDEX($B$30:$B$47,MATCH(LARGE($L$30:$L$47,1),$L$30:$L$47,0)),CropNames,0))&"="&ROUND(IF(INDEX(Crops!$G$5:$G$22,MATCH(INDEX($B$30:$B$47,MATCH(LARGE($L$30:$L$47,1),$L$30:$L$47,0)),CropNames,0))="N",$C$17,IF(INDEX(Crops!$G$5:$G$22,MATCH(INDEX($B$30:$B$47,MATCH(LARGE($L$30:$L$47,1),$L$30:$L$47,0)),CropNames,0))="P",$E$17,$G$17)),0)&"; over "&ROUND(INDEX($C$30:$C$47,MATCH(LARGE($L$30:$L$47,1),$L$30:$L$47,0)),0)&" days it drains "&ROUND(INDEX(Crops!$H$5:$H$22,MATCH(INDEX($B$30:$B$47,MATCH(LARGE($L$30:$L$47,1),$L$30:$L$47,0)),CropNames,0)),0)&". "&IF($C$13,"Applying "&$C$14&" → ","")&"slow-release pool offsets "&ROUND(MIN(IF(INDEX(Crops!$G$5:$G$22,MATCH(INDEX($B$30:$B$47,MATCH(LARGE($L$30:$L$47,1),$L$30:$L$47,0)),CropNames,0))="N",MIN(150,$C$18+IF($C$13,IFERROR(VLOOKUP($C$14,Fertilizers!$B$6:$E$9,2,FALSE()),0),0)),IF(INDEX(Crops!$G$5:$G$22,MATCH(INDEX($B$30:$B$47,MATCH(LARGE($L$30:$L$47,1),$L$30:$L$47,0)),CropNames,0))="P",MIN(150,$E$18+IF($C$13,IFERROR(VLOOKUP($C$14,Fertilizers!$B$6:$E$9,3,FALSE()),0),0)),MIN(150,$G$18+IF($C$13,IFERROR(VLOOKUP($C$14,Fertilizers!$B$6:$E$9,4,FALSE()),0),0)))),0.25*INDEX($C$30:$C$47,MATCH(LARGE($L$30:$L$47,1),$L$30:$L$47,0))*TicksPerDay),0)&". Predicted ending "&INDEX(Crops!$G$5:$G$22,MATCH(INDEX($B$30:$B$47,MATCH(LARGE($L$30:$L$47,1),$L$30:$L$47,0)),CropNames,0))&": "&ROUND(MAX(0,IF(INDEX(Crops!$G$5:$G$22,MATCH(INDEX($B$30:$B$47,MATCH(LARGE($L$30:$L$47,1),$L$30:$L$47,0)),CropNames,0))="N",$C$17,IF(INDEX(Crops!$G$5:$G$22,MATCH(INDEX($B$30:$B$47,MATCH(LARGE($L$30:$L$47,1),$L$30:$L$47,0)),CropNames,0))="P",$E$17,$G$17))-MAX(0,INDEX(Crops!$H$5:$H$22,MATCH(INDEX($B$30:$B$47,MATCH(LARGE($L$30:$L$47,1),$L$30:$L$47,0)),CropNames,0))-MIN(IF(INDEX(Crops!$G$5:$G$22,MATCH(INDEX($B$30:$B$47,MATCH(LARGE($L$30:$L$47,1),$L$30:$L$47,0)),CropNames,0))="N",MIN(150,$C$18+IF($C$13,IFERROR(VLOOKUP($C$14,Fertilizers!$B$6:$E$9,2,FALSE()),0),0)),IF(INDEX(Crops!$G$5:$G$22,MATCH(INDEX($B$30:$B$47,MATCH(LARGE($L$30:$L$47,1),$L$30:$L$47,0)),CropNames,0))="P",MIN(150,$E$18+IF($C$13,IFERROR(VLOOKUP($C$14,Fertilizers!$B$6:$E$9,3,FALSE()),0),0)),MIN(150,$G$18+IF($C$13,IFERROR(VLOOKUP($C$14,Fertilizers!$B$6:$E$9,4,FALSE()),0),0)))),0.25*INDEX($C$30:$C$47,MATCH(LARGE($L$30:$L$47,1),$L$30:$L$47,0))*TicksPerDay))),0)&" "&IF(MAX(0,IF(INDEX(Crops!$G$5:$G$22,MATCH(INDEX($B$30:$B$47,MATCH(LARGE($L$30:$L$47,1),$L$30:$L$47,0)),CropNames,0))="N",$C$17,IF(INDEX(Crops!$G$5:$G$22,MATCH(INDEX($B$30:$B$47,MATCH(LARGE($L$30:$L$47,1),$L$30:$L$47,0)),CropNames,0))="P",$E$17,$G$17))-MAX(0,INDEX(Crops!$H$5:$H$22,MATCH(INDEX($B$30:$B$47,MATCH(LARGE($L$30:$L$47,1),$L$30:$L$47,0)),CropNames,0))-MIN(IF(INDEX(Crops!$G$5:$G$22,MATCH(INDEX($B$30:$B$47,MATCH(LARGE($L$30:$L$47,1),$L$30:$L$47,0)),CropNames,0))="N",MIN(150,$C$18+IF($C$13,IFERROR(VLOOKUP($C$14,Fertilizers!$B$6:$E$9,2,FALSE()),0),0)),IF(INDEX(Crops!$G$5:$G$22,MATCH(INDEX($B$30:$B$47,MATCH(LARGE($L$30:$L$47,1),$L$30:$L$47,0)),CropNames,0))="P",MIN(150,$E$18+IF($C$13,IFERROR(VLOOKUP($C$14,Fertilizers!$B$6:$E$9,3,FALSE()),0),0)),MIN(150,$G$18+IF($C$13,IFERROR(VLOOKUP($C$14,Fertilizers!$B$6:$E$9,4,FALSE()),0),0)))),0.25*INDEX($C$30:$C$47,MATCH(LARGE($L$30:$L$47,1),$L$30:$L$47,0))*TicksPerDay)))>50,"(growth stays fast)",IF(MAX(0,IF(INDEX(Crops!$G$5:$G$22,MATCH(INDEX($B$30:$B$47,MATCH(LARGE($L$30:$L$47,1),$L$30:$L$47,0)),CropNames,0))="N",$C$17,IF(INDEX(Crops!$G$5:$G$22,MATCH(INDEX($B$30:$B$47,MATCH(LARGE($L$30:$L$47,1),$L$30:$L$47,0)),CropNames,0))="P",$E$17,$G$17))-MAX(0,INDEX(Crops!$H$5:$H$22,MATCH(INDEX($B$30:$B$47,MATCH(LARGE($L$30:$L$47,1),$L$30:$L$47,0)),CropNames,0))-MIN(IF(INDEX(Crops!$G$5:$G$22,MATCH(INDEX($B$30:$B$47,MATCH(LARGE($L$30:$L$47,1),$L$30:$L$47,0)),CropNames,0))="N",MIN(150,$C$18+IF($C$13,IFERROR(VLOOKUP($C$14,Fertilizers!$B$6:$E$9,2,FALSE()),0),0)),IF(INDEX(Crops!$G$5:$G$22,MATCH(INDEX($B$30:$B$47,MATCH(LARGE($L$30:$L$47,1),$L$30:$L$47,0)),CropNames,0))="P",MIN(150,$E$18+IF($C$13,IFERROR(VLOOKUP($C$14,Fertilizers!$B$6:$E$9,3,FALSE()),0),0)),MIN(150,$G$18+IF($C$13,IFERROR(VLOOKUP($C$14,Fertilizers!$B$6:$E$9,4,FALSE()),0),0)))),0.25*INDEX($C$30:$C$47,MATCH(LARGE($L$30:$L$47,1),$L$30:$L$47,0))*TicksPerDay)))>35,"(growth slows mid-late stage)",IF(MAX(0,IF(INDEX(Crops!$G$5:$G$22,MATCH(INDEX($B$30:$B$47,MATCH(LARGE($L$30:$L$47,1),$L$30:$L$47,0)),CropNames,0))="N",$C$17,IF(INDEX(Crops!$G$5:$G$22,MATCH(INDEX($B$30:$B$47,MATCH(LARGE($L$30:$L$47,1),$L$30:$L$47,0)),CropNames,0))="P",$E$17,$G$17))-MAX(0,INDEX(Crops!$H$5:$H$22,MATCH(INDEX($B$30:$B$47,MATCH(LARGE($L$30:$L$47,1),$L$30:$L$47,0)),CropNames,0))-MIN(IF(INDEX(Crops!$G$5:$G$22,MATCH(INDEX($B$30:$B$47,MATCH(LARGE($L$30:$L$47,1),$L$30:$L$47,0)),CropNames,0))="N",MIN(150,$C$18+IF($C$13,IFERROR(VLOOKUP($C$14,Fertilizers!$B$6:$E$9,2,FALSE()),0),0)),IF(INDEX(Crops!$G$5:$G$22,MATCH(INDEX($B$30:$B$47,MATCH(LARGE($L$30:$L$47,1),$L$30:$L$47,0)),CropNames,0))="P",MIN(150,$E$18+IF($C$13,IFERROR(VLOOKUP($C$14,Fertilizers!$B$6:$E$9,3,FALSE()),0),0)),MIN(150,$G$18+IF($C$13,IFERROR(VLOOKUP($C$14,Fertilizers!$B$6:$E$9,4,FALSE()),0),0)))),0.25*INDEX($C$30:$C$47,MATCH(LARGE($L$30:$L$47,1),$L$30:$L$47,0))*TicksPerDay)))>20,"(growth slows significantly)","(growth nearly halts. fertilize first!)"))) -> Top pick Carrot needs K. Starting K=65; over 9 days it drains 34. Applying None → slow-release pool offsets 0. Predicted ending K: 31 (growth slows significantly)
B70: 6 · How the score works
B72: Score = (yield ÷ grow_days × 100) × nutrient_factor × frost_safety × damage_multiplier × rotation_factor × follow_up_factor
B73: • nutrient_factor: 1.10× / 1.00× / 0.90× / 0.60× / 0.30× / 0.10× depending on the crop's required nutrient (avg of starting and ending). >75 = best
B74: • frost_safety: 1.0 if harvest is ≥3 days before season end; 0.6 if 'barely fits'; 0 if won't finish
B75: • damage_multiplier: 1.0 if no cold/heat risk in window; else the crop's stunt mul (0.5 default, 0.75 for hardy)
B76: • rotation_factor: 0.7 if crop drains your lowest axis; 1.2 if drains your highest; 1.0 otherwise
B77: • follow_up_factor: 1.3 if a fast crop fits after; 1.1 if marginal; 1.0 if none
B79: Higher score = better choice. The 'verdict' column collapses this into top-pick / good / ok / risk / won't finish.
B81: What this DOES NOT account for:
B82: • Specific yield variance (uses average yield from JSON drops)
B83: • Tick-level temperature variance (uses daily min/max across growth window)
B84: • Already-flagged plot damage (assume fresh plot)
... B88: 7 · Visualizations. Fertilizer & nutrient mechanics

Sheet Dashboard
A2: Farming Dashboard
A3: At-a-glance overview of climate, crops, and active plots. Jump to a tab for details.
A5: Climate snapshot
B7: YEARLY MEAN | F7: COLDEST DAY | J7: HOTTEST DAY
B8: "-2.13°C" | F8: =ROUND(MIN(Climate!$D$5:$D$112),1)&"°C avg" -> -21°C avg | J8: =ROUND(MAX(Climate!$D$5:$D$112),1)&"°C avg" -> 15.3°C avg
B9: subarctic continental | F9: winter low | J9: summer high
B11: DAYS AVG > 0°C | F11: FROSTY NIGHTS | J11: TODAY
B12: =COUNTIF(Climate!$D$5:$D$112,">0")&" of "&DaysPerYear -> 50 of 108 | F12: =COUNTIF(Climate!$E$5:$E$112,"<0")&" of "&DaysPerYear -> 75 of 108 | J12: =CurrentDay&" ("&MOD(CurrentDay-1,DaysPerMonth)+1&" "&CHOOSE(INT((CurrentDay-1)/DaysPerMonth)+1,"Jan","Feb","Mar","Apr","May","Jun","Jul","Aug","Sep","Oct","Nov","Dec")&")" -> 50 (5 Jun)
B13: growing season | F13: min < 0°C | J13: set in Settings
A15: Visual overview
A48: Plot status (live from Plots tab)
B49: Plots in use | J49: =COUNTIF(Plots!$M$7:$M$18,"<>empty")-COUNTIF(Plots!$M$7:$M$18,"unplanted") -> 1
B50: Ready to harvest | J50: =COUNTIF(Plots!$M$7:$M$18,"READY") -> 0
B51: Ripening (≤3 days left) | J51: =COUNTIF(Plots!$M$7:$M$18,"ripening") -> 0
B52: With cold flag | J52: =COUNTIF(Plots!$N$7:$N$18,"!") -> 0
B53: With heat flag | J53: =COUNTIF(Plots!$O$7:$O$18,"!") -> 0
A55: Jump to
B56: Calendar | E56: 18 × 108 plantability heatmap. Both outdoor + greenhouse views.
B57: Simulator | E57: Pick crop + day, see formulas + temperature window chart (live).
B58: Plots | E58: Track active farms. Status auto-updates from CurrentDay.
B59: Rotation | E59: N/P/K rotation history per plot.
B60: ActivityLog | E60: Plant/harvest journal.
B61: Reference | E61: Glossary + formula explanations + sources.

Sheet Settings
A1: Settings · global config
A2: Edit blue/amber cells. All other sheets pull from here via named ranges.
B4: Setting | C4: Value | D4: Unit | E4: Notes / Source
A5: Calendar
B6: DaysPerMonth | C6: 9 | D6: days | E6: Server config. Your group runs at 9. SPEC §1.2
B7: MonthsPerYear | C7: 12 | E7: Hardcoded in engine.
B8: HoursPerDay | C8: 24 | D8: h | E8: Hardcoded.
B9: DaysPerYear | C9: =DaysPerMonth*MonthsPerYear -> 108 | D9: days | E9: Computed: DaysPerMonth × MonthsPerYear
B10: WorldStartMonth | C10: 5 | E10: Game spawn date is 1 May 1386. Changes which day-of-year = real-world May.
A11: Tick
B12: TickIntervalMean | C12: 3.5 | D12: h | E12: Each tick is uniform [3.0, 4.0). Mean 3.5h. SPEC §1.3
B13: TicksPerDay | C13: =HoursPerDay/TickMean -> 6.8571429 | D13: ticks | E13: Computed: HoursPerDay / TickIntervalMean ≈ 6.857
A14: Growth
B15: GrowthRateMul | C15: 1 | D15: × | E15: Server config cropGrowthRateMul. SPEC §4.6
B16: DelayGrowthBelowSunLight | C16: 19 | D16: level | E16: Below this sunlight, light factor drops. Default 19. SPEC §4.3
B17: LossPerLevel | C17: 0.1 | D17: /level | E17: 10% growth loss per sunlight level below threshold.
B18: DelayGrowthBelowTemp | C18: 10 | D18: °C | E18: Below 10°C, growthChance starts dropping. SPEC §4.4
B19: LossPerDegree | C19: 0.1 | D19: /°C | E19: 10% per-tick growth probability lost per °C below threshold.
A20: Soil
B21: FertilityRecoverySpeed | C21: 0.25 | D21: /tick | E21: Per-tick regen rate (empty plot or non-required nutrient). SPEC §7.1
B22: ConsumedRegenDivisor | C22: 3 | E22: Required nutrient regenerates at 1/3 of normal rate when crop growing.
B23: SlowReleaseCap | C23: 150 | E23: Per-axis fertilizer pool max. SPEC §8.2
B24: OriginalFertilityCap | C24: 100 | E24: Hard cap on originalFertility per axis (Specialized Classes perk). SPEC §9.4
B25: AboveFertilityDecay | C25: 0.05 | D25: /tick | E25: When slow-release empty AND nutrient > original, decays at this rate.
A26: Damage
B27: DeathThresholdHours | C27: 48 | D27: h | E27: Cumulative damage threshold for crop death. SPEC §6.6
B28: DamageDecayRatio | C28: 0.1 | E28: When condition not met, accumulator decays at 1/10 of accum rate. SPEC §6.4
B29: DefaultColdDamageBelow | C29: 0 | D29: °C | E29: Inferred default for crops with unset coldDamageBelow. ⚠ verify in-game.
B30: DefaultHeatDamageAbove | C30: 9999 | D30: °C | E30: Inferred sentinel for unset heatDamageAbove. ⚠ verify in-game.
B31: DefaultRipeColdMul | C31: 0.5 | E31: Default coldDamageRipeMul.
B32: DefaultStuntMul | C32: 0.5 | E32: Default damageGrowthStuntMul.
A33: Moisture
B34: WaterRetentionHours | C34: 96 | D34: h | E34: Decay timescale: full→0 in 4 game-days. SPEC §3.5
B35: DefaultMoisture | C35: 0.75 | D35: 0-1 | E35: Your standard plot is adjacent to water = 75%. SPEC §3.7
A36: World
B37: HarshWinters | C37: =TRUE() -> TRUE | D37: TRUE/FALSE | E37: If FALSE, all damage muls bypassed. SPEC §6.8
B38: AllowCropDeath | C38: =TRUE() -> TRUE | D38: TRUE/FALSE | E38: If FALSE, damage accum forced to 0 every tick.
B39: AllowUndergroundFarming | C39: =FALSE() -> FALSE | D39: TRUE/FALSE | E39: If TRUE, can use torches; if FALSE, sub-sea-level lightpenalty applies.
B40: ProcessCrops | C40: =TRUE() -> TRUE | D40: TRUE/FALSE | E40: Server-wide kill switch. Confirm with admin.
A41: Greenhouse
B42: GreenhouseBonus | C42: 5 | D42: °C | E42: +5°C added when roomness > 0. SPEC §11.7
B43: GlobalGreenhouseToggle | C43: =FALSE() -> FALSE | D43: TRUE/FALSE | E43: Drives the calendar/simulator default. Per-plot override on Plots tab.
A44: Player class
B45: [MOD] HasFertilizerPerk | C45: =TRUE() -> TRUE | D45: [MOD: Specialized Classes] TRUE/FALSE | E45: Farmhand class via Specialized Classes mod. SPEC §9
B46: [MOD] PerkPercentage | C46: 0.25 | D46: [MOD: Specialized Classes only - set FALSE on vanilla] | E46: fertilizerPermanencePercentage stat addition.
A47: Location
B48: Latitude | C48: 0.557 | D48: 0-1 | E48: Implied from CSV seasonal amplitude / 65. North hemisphere.
B49: Hemisphere | C49: N | D49: N/S | E49: Hottest day = mid-July → north.
B50: Rainfall | C50: 0 | D50: 0-1 | E50: Implied from large diurnal swing (~18°C). Continental dry.
B51: YearlyMean | C51: -2.13 | D51: °C | E51: Computed from CSV.
B52: SeasonalAmpPeakToTrough | C52: 36.5 | D52: °C | E52: Peak summer to peak winter daily-avg span.
B53: DiurnalAmpAvg | C53: 17.97 | D53: °C | E53: Average daily max-min spread.
A54: Tracking
B55: CurrentDay | C55: 50 | D55: 1-108 | E55: Set this each session. Drives the Plots status calculations.
B56: CurrentYear | C56: 1386 | E56: For Activity Log timestamps.
B57: ClimateRows | C57: 108 | D57: rows | E57: How many rows of climate data exist on the Climate sheet. Tied to the climate.csv data, not the year. If you change DaysPerMonth, regenerate climate data to match.

Sheet Climate
A1: Climate · daily temperatures at your settled location
A2: Source: temperatureplot.csv (108 days × 24h = 2,592 hourly samples). Yearly mean: -2.13°C. Latitude implied: ~0.56 (subarctic boreal continental). | L2: Season ends: | M2: =MATCH(1,J65:J112,0)+60 -> 84
A4: Day | B4: Month# | C4: Date | D4: Avg (°C) | E4: Min (°C) | F4: Max (°C) | G4: GH-Avg | H4: GH-Min | I4: GH-Max | J4: Frost? | K4: Heat?
A5: 1 | B5: =INT(($A5-1)/DaysPerMonth)+1 -> 1 | C5: =MOD($A5-1,DaysPerMonth)+1&" "&CHOOSE($B5,"Jan","Feb","Mar","Apr","May","Jun","Jul","Aug","Sep","Oct","Nov","Dec") -> 1 Jan | D5: -17.01 | E5: -25.48 | F5: -8.45 | G5: =D5+GHBonus -> -12.01 | H5: =E5+GHBonus -> -20.48 | I5: =F5+GHBonus -> -3.45 | J5: =IF(D5<=0,1,0) -> 1 | K5: =IF($F5>25,"yes","")
A6: 2 | B6: =INT(($A6-1)/DaysPerMonth)+1 -> 1 | C6: =MOD($A6-1,DaysPerMonth)+1&" "&CHOOSE($B6,"Jan","Feb","Mar","Apr","May","Jun","Jul","Aug","Sep","Oct","Nov","Dec") -> 2 Jan | D6: -18.17 | E6: -27.55 | F6: -8.88 | G6: =D6+GHBonus -> -13.17 | H6: =E6+GHBonus -> -22.55 | I6: =F6+GHBonus -> -3.88 | J6: =IF(D6<=0,1,0) -> 1 | K6: =IF($F6>25,"yes","")
A7: 3 | B7: =INT(($A7-1)/DaysPerMonth)+1 -> 1 | C7: =MOD($A7-1,DaysPerMonth)+1&" "&CHOOSE($B7,"Jan","Feb","Mar","Apr","May","Jun","Jul","Aug","Sep","Oct","Nov","Dec") -> 3 Jan | D7: -17.34 | E7: -26.97 | F7: -7.68 | G7: =D7+GHBonus -> -12.34 | H7: =E7+GHBonus -> -21.97 | I7: =F7+GHBonus -> -2.68 | J7: =IF(D7<=0,1,0) -> 1 | K7: =IF($F7>25,"yes","")
A8: 4 | B8: =INT(($A8-1)/DaysPerMonth)+1 -> 1 | C8: =MOD($A8-1,DaysPerMonth)+1&" "&CHOOSE($B8,"Jan","Feb","Mar","Apr","May","Jun","Jul","Aug","Sep","Oct","Nov","Dec") -> 4 Jan | D8: -18.42 | E8: -27.95 | F8: -8.92 | G8: =D8+GHBonus -> -13.42 | H8: =E8+GHBonus -> -22.95 | I8: =F8+GHBonus -> -3.92 | J8: =IF(D8<=0,1,0) -> 1 | K8: =IF($F8>25,"yes","")
A9: 5 | B9: =INT(($A9-1)/DaysPerMonth)+1 -> 1 | C9: =MOD($A9-1,DaysPerMonth)+1&" "&CHOOSE($B9,"Jan","Feb","Mar","Apr","May","Jun","Jul","Aug","Sep","Oct","Nov","Dec") -> 5 Jan | D9: -17.73 | E9: -26.58 | F9: -9.53 | G9: =D9+GHBonus -> -12.73 | H9: =E9+GHBonus -> -21.58 | I9: =F9+GHBonus -> -4.53 | J9: =IF(D9<=0,1,0) -> 1 | K9: =IF($F9>25,"yes","")
A10: 6 | B10: =INT(($A10-1)/DaysPerMonth)+1 -> 1 | C10: =MOD($A10-1,DaysPerMonth)+1&" "&CHOOSE($B10,"Jan","Feb","Mar","Apr","May","Jun","Jul","Aug","Sep","Oct","Nov","Dec") -> 6 Jan | D10: -17.81 | E10: -26.74 | F10: -9.06 | G10: =D10+GHBonus -> -12.81 | H10: =E10+GHBonus -> -21.74 | I10: =F10+GHBonus -> -4.06 | J10: =IF(D10<=0,1,0) -> 1 | K10: =IF($F10>25,"yes","")
A11: 7 | B11: =INT(($A11-1)/DaysPerMonth)+1 -> 1 | C11: =MOD($A11-1,DaysPerMonth)+1&" "&CHOOSE($B11,"Jan","Feb","Mar","Apr","May","Jun","Jul","Aug","Sep","Oct","Nov","Dec") -> 7 Jan | D11: -18.18 | E11: -27.61 | F11: -8.63 | G11: =D11+GHBonus -> -13.18 | H11: =E11+GHBonus -> -22.61 | I11: =F11+GHBonus -> -3.63 | J11: =IF(D11<=0,1,0) -> 1 | K11: =IF($F11>25,"yes","")
A12: 8 | B12: =INT(($A12-1)/DaysPerMonth)+1 -> 1 | C12: =MOD($A12-1,DaysPerMonth)+1&" "&CHOOSE($B12,"Jan","Feb","Mar","Apr","May","Jun","Jul","Aug","Sep","Oct","Nov","Dec") -> 8 Jan | D12: -17.15 | E12: -26.21 | F12: -7.77 | G12: =D12+GHBonus -> -12.15 | H12: =E12+GHBonus -> -21.21 | I12: =F12+GHBonus -> -2.77 | J12: =IF(D12<=0,1,0) -> 1 | K12: =IF($F12>25,"yes","")
A13: 9 | B13: =INT(($A13-1)/DaysPerMonth)+1 -> 1 | C13: =MOD($A13-1,DaysPerMonth)+1&" "&CHOOSE($B13,"Jan","Feb","Mar","Apr","May","Jun","Jul","Aug","Sep","Oct","Nov","Dec") -> 9 Jan | D13: -17.4 | E13: -26.57 | F13: -8.35 | G13: =D13+GHBonus -> -12.4 | H13: =E13+GHBonus -> -21.57 | I13: =F13+GHBonus -> -3.35 | J13: =IF(D13<=0,1,0) -> 1 | K13: =IF($F13>25,"yes","")
A14: 10 | B14: =INT(($A14-1)/DaysPerMonth)+1 -> 2 | C14: =MOD($A14-1,DaysPerMonth)+1&" "&CHOOSE($B14,"Jan","Feb","Mar","Apr","May","Jun","Jul","Aug","Sep","Oct","Nov","Dec") -> 1 Feb | D14: -17.41 | E14: -26.24 | F14: -8.62 | G14: =D14+GHBonus -> -12.41 | H14: =E14+GHBonus -> -21.24 | I14: =F14+GHBonus -> -3.62 | J14: =IF(D14<=0,1,0) -> 1 | K14: =IF($F14>25,"yes","")
A15: 11 | B15: =INT(($A15-1)/DaysPerMonth)+1 -> 2 | C15: =MOD($A15-1,DaysPerMonth)+1&" "&CHOOSE($B15,"Jan","Feb","Mar","Apr","May","Jun","Jul","Aug","Sep","Oct","Nov","Dec") -> 2 Feb | D15: -18 | E15: -26.84 | F15: -8.69 | G15: =D15+GHBonus -> -13 | H15: =E15+GHBonus -> -21.84 | I15: =F15+GHBonus -> -3.69 | J15: =IF(D15<=0,1,0) -> 1 | K15: =IF($F15>25,"yes","")
A16: 12 | B16: =INT(($A16-1)/DaysPerMonth)+1 -> 2 | C16: =MOD($A16-1,DaysPerMonth)+1&" "&CHOOSE($B16,"Jan","Feb","Mar","Apr","May","Jun","Jul","Aug","Sep","Oct","Nov","Dec") -> 3 Feb | D16: -17.69 | E16: -26.29 | F16: -9.06 | G16: =D16+GHBonus -> -12.69 | H16: =E16+GHBonus -> -21.29 | I16: =F16+GHBonus -> -4.06 | J16: =IF(D16<=0,1,0) -> 1 | K16: =IF($F16>25,"yes","")
... A112: 108 | B112: =INT(($A112-1)/DaysPerMonth)+1 -> 12 | C112: =MOD($A112-1,DaysPerMonth)+1&" "&CHOOSE($B112,"Jan","Feb","Mar","Apr","May","Jun","Jul","Aug","Sep","Oct","Nov","Dec") -> 9 Dec | D112: -20.98 | E112: -30.19 | F112: -11.77 | G112: =D112+GHBonus -> -15.98 | H112: =E112+GHBonus -> -25.19 | I112: =F112+GHBonus -> -6.77 | J112: =IF(D112<=0,1,0) -> 1 | K112: =IF($F112>25,"yes","")

Sheet Crops
A1: Crops · 18-crop database (JSON-verified)
A2: Source: survival/blocktypes/plant/crop/*.json. Edits not recommended unless game updates. Drain/stage and effective cold/heat are formulas.
A4: Key | B4: Name | C4: Climate | D4: Stages | E4: Months | F4: Days@9d/m | G4: Nutrient | H4: Cons. | I4: Drain/stage | J4: Cold (raw) | K4: Cold (eff.) | L4: Heat (raw) | M4: Heat (eff.) | N4: RipeColdMul | O4: StuntMul | P4: Yield (mature) | Q4: Yield (penult.) | R4: Notes
A5: rye | B5: Rye | C5: Temperate | D5: 9 | E5: 1.78 | F5: =$E5*DaysPerMonth -> 16.02 | G5: N | H5: 35 | I5: =$H5/MAX(1,$D5-1) -> 4.375 | J5: -12 | K5: =IF(ISBLANK($J5),DefaultCold,$J5) -> -12 | L5: 27 | M5: =IF(ISBLANK($L5),DefaultHeat,$L5) -> 27 | N5: 0.5 | O5: 0.75 | P5: 5.5 ± 1 | Q5: 0.7 | R5: Hardy: best cold tolerance
A6: carrot | B6: Carrot | C6: Temperate | D6: 7 | E6: 1.03 | F6: =$E6*DaysPerMonth -> 9.27 | G6: K | H6: 34.3 | I6: =$H6/MAX(1,$D6-1) -> 5.7166667 | J6: -10 | K6: =IF(ISBLANK($J6),DefaultCold,$J6) -> -10 | L6: 32 | M6: =IF(ISBLANK($L6),DefaultHeat,$L6) -> 32 | N6: 0.5 | O6: 0.75 | P6: 11 ± 2 | Q6: 3 | R6: Hardy
A7: parsnip | B7: Parsnip | C7: Temperate | D7: 8 | E7: 1.75 | F7: =$E7*DaysPerMonth -> 15.75 | G7: P | H7: 17.5 | I7: =$H7/MAX(1,$D7-1) -> 2.5 | J7: -10 | K7: =IF(ISBLANK($J7),DefaultCold,$J7) -> -10 | L7: 32 | M7: =IF(ISBLANK($L7),DefaultHeat,$L7) -> 32 | N7: 0.5 | O7: 0.75 | P7: 12 ± 2 | Q7: 4 | R7: Hardy
A8: fennel | B8: Fennel | C8: Temperate | D8: 9 | E8: 2.67 | F8: =$E8*DaysPerMonth -> 24.03 | G8: N | H8: 35 | I8: =$H8/MAX(1,$D8-1) -> 4.375 | J8: -8 | K8: =IF(ISBLANK($J8),DefaultCold,$J8) -> -8 | L8: 35 | M8: =IF(ISBLANK($L8),DefaultHeat,$L8) -> 35 | N8: 0.5 | O8: 0.75 | P8: 11 ± 2 | Q8: 3 | R8: Hardy; not in wiki
A9: licorice | B9: Licorice | C9: Temperate | D9: 9 | E9: 2.67 | F9: =$E9*DaysPerMonth -> 24.03 | G9: P | H9: 35 | I9: =$H9/MAX(1,$D9-1) -> 4.375 | J9: -8 | K9: =IF(ISBLANK($J9),DefaultCold,$J9) -> -8 | L9: 35 | M9: =IF(ISBLANK($L9),DefaultHeat,$L9) -> 35 | N9: 0.5 | O9: 0.75 | P9: 11 ± 2 | Q9: 3 | R9: Hardy; not in wiki
A10: onion | B10: Onion | C10: Temperate | D10: 7 | E10: 1.54 | F10: =$E10*DaysPerMonth -> 13.86 | G10: P | H10: 30 | I10: =$H10/MAX(1,$D10-1) -> 5 | J10: -1 | K10: =IF(ISBLANK($J10),DefaultCold,$J10) -> -1 | M10: =IF(ISBLANK($L10),DefaultHeat,$L10) -> 9999 | P10: 12 ± 2 | Q10: 3 | R10: Heat unset
A11: turnip | B11: Turnip | C11: Temperate | D11: 5 | E11: 0.8 | F11: =$E11*DaysPerMonth -> 7.2 | G11: N | H11: 24 | I11: =$H11/MAX(1,$D11-1) -> 6 | K11: =IF(ISBLANK($J11),DefaultCold,$J11) -> 0 | L11: 27 | M11: =IF(ISBLANK($L11),DefaultHeat,$L11) -> 27 | P11: 7 ± 1 | Q11: 3 | R11: Fastest grower
A12: cabbage | B12: Cabbage | C12: Temperate | D12: 12 | E12: 1.375 | F12: =$E12*DaysPerMonth -> 12.375 | G12: N | H12: 36.67 | I12: =$H12/MAX(1,$D12-1) -> 3.3336364 | K12: =IF(ISBLANK($J12),DefaultCold,$J12) -> 0 | L12: 35 | M12: =IF(ISBLANK($L12),DefaultHeat,$L12) -> 35 | P12: 2 | Q12: 0.85 | R12: Unstable behavior
A13: spelt | B13: Spelt | C13: Temperate | D13: 9 | E13: 1.78 | F13: =$E13*DaysPerMonth -> 16.02 | G13: N | H13: 35 | I13: =$H13/MAX(1,$D13-1) -> 4.375 | K13: =IF(ISBLANK($J13),DefaultCold,$J13) -> 0 | M13: =IF(ISBLANK($L13),DefaultHeat,$L13) -> 9999 | P13: 6 ± 1 | Q13: 0.7 | R13: All damage values defaulted
A14: flax | B14: Flax | C14: Temperate | D14: 9 | E14: 1.78 | F14: =$E14*DaysPerMonth -> 16.02 | G14: K | H14: 44.4 | I14: =$H14/MAX(1,$D14-1) -> 5.55 | K14: =IF(ISBLANK($J14),DefaultCold,$J14) -> 0 | M14: =IF(ISBLANK($L14),DefaultHeat,$L14) -> 9999 | P14: 3 ± 0.5 | Q14: 0.7 | R14: Multi-output: grain+fibers
A15: sunflower | B15: Sunflower | C15: Warm | D15: 12 | E15: 1.7 | F15: =$E15*DaysPerMonth -> 15.3 | G15: N | H15: 36 | I15: =$H15/MAX(1,$D15-1) -> 3.2727273 | K15: =IF(ISBLANK($J15),DefaultCold,$J15) -> 0 | M15: =IF(ISBLANK($L15),DefaultHeat,$L15) -> 9999 | P15: 6.5 ± 1 | Q15: 0.7 | R15: All damage values defaulted
A16: soybean | B16: Soybean | C16: Warm | D16: 11 | E16: 1.14 | F16: =$E16*DaysPerMonth -> 10.26 | G16: K | H16: 32 | I16: =$H16/MAX(1,$D16-1) -> 3.2 | K16: =IF(ISBLANK($J16),DefaultCold,$J16) -> 0 | M16: =IF(ISBLANK($L16),DefaultHeat,$L16) -> 9999 | P16: 6 ± 1 | Q16: 2 | R16: Damage values defaulted
A17: pumpkin | B17: Pumpkin | C17: Special | D17: 8 | E17: 1.7 | F17: =$E17*DaysPerMonth -> 15.3 | G17: P | H17: 30 | I17: =$H17/MAX(1,$D17-1) -> 4.2857143 | K17: =IF(ISBLANK($J17),DefaultCold,$J17) -> 0 | M17: =IF(ISBLANK($L17),DefaultHeat,$L17) -> 9999 | P17: 1.5 ± 0.5 | Q17: 0.7 | R17: Vine-spreader
A18: amaranth | B18: Amaranth | C18: Warm | D18: 9 | E18: 1.78 | F18: =$E18*DaysPerMonth -> 16.02 | G18: N | H18: 13.33 | I18: =$H18/MAX(1,$D18-1) -> 1.66625 | J18: 6 | K18: =IF(ISBLANK($J18),DefaultCold,$J18) -> 6 | L18: 42 | M18: =IF(ISBLANK($L18),DefaultHeat,$L18) -> 42 | P18: 3 ± 0.5 | Q18: 2 | R18: Lowest consumption
A19: cassava | B19: Cassava | C19: Warm | D19: 9 | E19: 4.4 | F19: =$E19*DaysPerMonth -> 39.6 | G19: K | H19: 22.2 | I19: =$H19/MAX(1,$D19-1) -> 2.775 | J19: 4 | K19: =IF(ISBLANK($J19),DefaultCold,$J19) -> 4 | L19: 44 | M19: =IF(ISBLANK($L19),DefaultHeat,$L19) -> 44 | P19: 16 ± 2 | Q19: 5 | R19: Highest yield, slow
A20: peanut | B20: Peanut | C20: Warm | D20: 9 | E20: 2.2 | F20: =$E20*DaysPerMonth -> 19.8 | G20: P | H20: 40 | I20: =$H20/MAX(1,$D20-1) -> 5 | J20: 10 | K20: =IF(ISBLANK($J20),DefaultCold,$J20) -> 10 | L20: 42 | M20: =IF(ISBLANK($L20),DefaultHeat,$L20) -> 42 | P20: 10 ± 2 | Q20: 4
A21: rice | B21: Rice | C21: Warm | D21: 10 | E21: 2 | F21: =$E21*DaysPerMonth -> 18 | G21: K | H21: 45 | I21: =$H21/MAX(1,$D21-1) -> 5 | J21: 8 | K21: =IF(ISBLANK($J21),DefaultCold,$J21) -> 8 | L21: 46 | M21: =IF(ISBLANK($L21),DefaultHeat,$L21) -> 46 | P21: 6.5 ± 1 | Q21: 0.7
A22: pineapple | B22: Pineapple | C22: Warm | D22: 16 | E22: 5.6 | F22: =$E22*DaysPerMonth -> 50.4 | G22: N | H22: 14 | I22: =$H22/MAX(1,$D22-1) -> 0.93333333 | J22: 6 | K22: =IF(ISBLANK($J22),DefaultCold,$J22) -> 6 | L22: 48 | M22: =IF(ISBLANK($L22),DefaultHeat,$L22) -> 48 | P22: 1 | Q22: 0.7 | R22: Slowest grower
A25: Visualizations

Sheet Soils
A1: Soils · fertility tiers
A2: Source: BESoilNutrition.cs. Tilling preserves fertility variant; once tilled, no longer pickup-able.
B4: Internal code | C4: Display name | D4: Fertility | E4: Worldgen | F4: Notes
B5: verylow | C5: Barren | D5: 5 | E5: Rare (in ruins) | F5: Found in surface ruins
B6: low | C6: Low fertility | D6: 25 | E6: Yes (most common) | F6: Forest floor drops as low
B7: medium | C7: Medium fertility | D7: 50 | E7: Yes | F7: Common rainfall regions
B8: compost | C8: High fertility (compost) | D8: 65 | E8: Yes (post-1.19) | F8: Deposits in temperate areas
B9: high | C9: Terra Preta | D9: 80 | E9: CRAFTED ONLY | F9: 16 compost + 8 bonemeal + 8 charcoal
B10: bony | C10: Bony soil | D10: 30 | E10: Yes (bone deposits) | F10: NOT TILLABLE. Code path mismatch
A12: Important
B13: • BONY SOIL is NOT TILLABLE. ItemHoe.cs path-checks for blocks starting with "soil". Bony's code is "bonysoil". Fails the check.
B14: • TERRA PRETA is the only non-worldgen tier. Crafted in barrel: 16 compost + 8 bonemeal + 8 powdered charcoal → 2 high-fert soil.
B15: • FOREST FLOOR drops as Low (25%) when broken. Same as plain low-fertility soil.
B16: • Specialized Classes perk caps originalFertility at 100 per axis (post-perk). See Fertilizers tab.
A19: Visualization

Sheet Fertilizers
A1: [MOD] Fertilizers · NPK + Specialized Classes perk calculator
A2: Source: itemtypes/resource/{compost.json, crushed/*.json}. Perk math from SpecializedClasses.dll IL.
A4: Section A. Fertilizer NPK values
B5: Name | C5: N | D5: P | E5: K | F5: Perma-boost | G5: Source / notes
B6: Potash | C6: 0 | D6: 0 | E6: 60 | F6: +0/+0/+15 (one-time) | G6: Grinding sylvite, Commodities trader
B7: Saltpeter | C7: 13 | D7: 0 | E7: 44 | F7: (none) | G7: Mined from caves, Commodities trader
B8: Bonemeal | C8: 3 | D8: 30 | E8: 0 | F8: (none) | G8: Grinding bones
B9: Compost | C9: 40 | D9: 8 | E9: 8 | F9: (none) | G9: 64 rot in barrel for 20 days, Agriculture trader
A12: Section B. Specialized Classes 'Fertilizer' perk calculator
A13: Farmhand class adds +0.25 to fertilizerPermanencePercentage. Each application adds INT(ROUND(NPK × 0.25, 1)) to originalFertility, hard-clamped to [0, 100] per axis. SPEC §9.4. Edit blue cells.
B15: Pick fertilizer: | C15: Compost | I15: N: | J15: =VLOOKUP($C$15,$B$6:$E$9,2,FALSE()) -> 40
B16: Starting N / P / K (originalFertility): | C16: 50 | D16: 50 | E16: 50 | F16: (soil tier value) | I16: P: | J16: =VLOOKUP($C$15,$B$6:$E$9,3,FALSE()) -> 8
I17: K: | J17: =VLOOKUP($C$15,$B$6:$E$9,4,FALSE()) -> 8
I18: Perma N: | J18: =IF($C$15="Potash",0,0) -> 0
B19: Apply # | C19: N | D19: P | E19: K | F19: Perma applied this round? | G19: Notes | I19: Perma P: | J19: =IF($C$15="Potash",0,0) -> 0
B20: 1 | C20: =MIN(FertCap,MAX(0,$C$16+$J$18+$J$21)) -> 60 | D20: =MIN(FertCap,MAX(0,$D$16+$J$19+$J$22)) -> 52 | E20: =MIN(FertCap,MAX(0,$E$16+$J$20+$J$23)) -> 52 | F20: =IF(OR($J$18>0,$J$19>0,$J$20>0),"YES","(none)") -> (none) | I20: Perma K: | J20: =IF($C$15="Potash",15,0) -> 0
B21: 2 | C21: =MIN(FertCap,MAX(0,$C20+$J$21)) -> 70 | D21: =MIN(FertCap,MAX(0,$D20+$J$22)) -> 54 | E21: =MIN(FertCap,MAX(0,$E20+$J$23)) -> 54 | F21: (none) | I21: Perk add N: | J21: =INT(ROUND($J$15*PerkPct,1)) -> 10
B22: 3 | C22: =MIN(FertCap,MAX(0,$C21+$J$21)) -> 80 | D22: =MIN(FertCap,MAX(0,$D21+$J$22)) -> 56 | E22: =MIN(FertCap,MAX(0,$E21+$J$23)) -> 56 | F22: (none) | I22: Perk add P: | J22: =INT(ROUND($J$16*PerkPct,1)) -> 2
B23: 4 | C23: =MIN(FertCap,MAX(0,$C22+$J$21)) -> 90 | D23: =MIN(FertCap,MAX(0,$D22+$J$22)) -> 58 | E23: =MIN(FertCap,MAX(0,$E22+$J$23)) -> 58 | F23: (none) | I23: Perk add K: | J23: =INT(ROUND($J$17*PerkPct,1)) -> 2
B24: 5 | C24: =MIN(FertCap,MAX(0,$C23+$J$21)) -> 100 | D24: =MIN(FertCap,MAX(0,$D23+$J$22)) -> 60 | E24: =MIN(FertCap,MAX(0,$E23+$J$23)) -> 60 | F24: (none)
B25: 6 | C25: =MIN(FertCap,MAX(0,$C24+$J$21)) -> 100 | D25: =MIN(FertCap,MAX(0,$D24+$J$22)) -> 62 | E25: =MIN(FertCap,MAX(0,$E24+$J$23)) -> 62 | F25: (none)
A27: ↑ Starting from your soil's NPK, see how originalFertility climbs with repeated fertilizing. Vanilla perma (Potash only) fires once. Perk fires every time, hard-capped at 100 per axis.
A28: Bonemeal P rounding: 30 × 0.25 = 7.5. Excel ROUND(7.5,1)=7.5 → INT()=7. May actually be 8 in-game (banker's rounding). Verify.
A30: Visualizations

Sheet Calendar
A1: Calendar · plantability heatmap (18 crops × 108 days)
A2: Color codes: GREEN=plantable, AMBER=cold-stunt risk (overnight min), RED=heat damage (afternoon max), BLUE=no growth (avg≤0). Toggle greenhouse on Settings tab.
A3: Greenhouse view: | B3: =IF(GlobalGH,"ON (+5°C)","OFF") -> OFF
A4: Month | B4: Jan | K4: Feb | T4: Mar | AC4: Apr | AL4: May | AU4: Jun | BD4: Jul | BM4: Aug | BV4: Sep | CE4: Oct | CN4: Nov | CW4: Dec
A5: Day → | B5: 1 | C5: 2 | D5: 3 | E5: 4 | F5: 5 | G5: 6 | H5: 7 | I5: 8 | J5: 9 | K5: 10 | L5: 11 | M5: 12 | N5: 13 | O5: 14 | P5: 15 | Q5: 16 | R5: 17 | S5: 18 | T5: 19 | U5: 20 | V5: 21 | W5: 22 | X5: 23 | Y5: 24 | Z5: 25 | AA5: 26 | AB5: 27 | AC5: 28 | AD5: 29 | AE5: 30 | AF5: 31 | AG5: 32 | AH5: 33 | AI5: 34 | AJ5: 35 | AK5: 36 | AL5: 37 | AM5: 38 | AN5: 39 | AO5: 40 | AP5: 41 | AQ5: 42 | AR5: 43 | AS5: 44 | AT5: 45 | AU5: 46 | AV5: 47 | AW5: 48 | AX5: 49 | AY5: 50 | AZ5: 51 | BA5: 52 | BB5: 53 | BC5: 54 | BD5: 55 | BE5: 56 | BF5: 57 | BG5: 58 | BH5: 59 | BI5: 60 | BJ5: 61 | BK5: 62 | BL5: 63 | BM5: 64 | BN5: 65 | BO5: 66 | BP5: 67 | BQ5: 68 | BR5: 69 | BS5: 70 | BT5: 71 | BU5: 72 | BV5: 73 | BW5: 74 | BX5: 75 | BY5: 76 | BZ5: 77 | CA5: 78 | CB5: 79 | CC5: 80 | CD5: 81 | CE5: 82 | CF5: 83 | CG5: 84 | CH5: 85 | CI5: 86 | CJ5: 87 | CK5: 88 | CL5: 89 | CM5: 90 | CN5: 91 | CO5: 92 | CP5: 93 | CQ5: 94 | CR5: 95 | CS5: 96 | CT5: 97 | CU5: 98 | CV5: 99 | CW5: 100 | CX5: 101 | CY5: 102 | CZ5: 103 | DA5: 104 | DB5: 105 | DC5: 106 | DD5: 107 | DE5: 108 | DF5: Plantable days
A6: Cold / heat (°C) | DF6: Total | DG6: Best window
A7: =Crops!$B$5 -> Rye | B7: =IF(IF(GlobalGH,Climate!$G$5,Climate!$D$5)<=0,"·",IF(IF(GlobalGH,Climate!$I$5,Climate!$F$5)>Crops!$M$5,"H",IF(IF(GlobalGH,Climate!$H$5,Climate!$E$5)<Crops!$K$5,"C","O"))) -> · | C7: =IF(IF(GlobalGH,Climate!$G$6,Climate!$D$6)<=0,"·",IF(IF(GlobalGH,Climate!$I$6,Climate!$F$6)>Crops!$M$5,"H",IF(IF(GlobalGH,Climate!$H$6,Climate!$E$6)<Crops!$K$5,"C","O"))) -> · | D7: =IF(IF(GlobalGH,Climate!$G$7,Climate!$D$7)<=0,"·",IF(IF(GlobalGH,Climate!$I$7,Climate!$F$7)>Crops!$M$5,"H",IF(IF(GlobalGH,Climate!$H$7,Climate!$E$7)<Crops!$K$5,"C","O"))) -> · | E7: =IF(IF(GlobalGH,Climate!$G$8,Climate!$D$8)<=0,"·",IF(IF(GlobalGH,Climate!$I$8,Climate!$F$8)>Crops!$M$5,"H",IF(IF(GlobalGH,Climate!$H$8,Climate!$E$8)<Crops!$K$5,"C","O"))) -> · | F7: =IF(IF(GlobalGH,Climate!$G$9,Climate!$D$9)<=0,"·",IF(IF(GlobalGH,Climate!$I$9,Climate!$F$9)>Crops!$M$5,"H",IF(IF(GlobalGH,Climate!$H$9,Climate!$E$9)<Crops!$K$5,"C","O"))) -> · | G7: =IF(IF(GlobalGH,Climate!$G$10,Climate!$D$10)<=0,"·",IF(IF(GlobalGH,Climate!$I$10,Climate!$F$10)>Crops!$M$5,"H",IF(IF(GlobalGH,Climate!$H$10,Climate!$E$10)<Crops!$K$5,"C","O"))) -> · | H7: =IF(IF(GlobalGH,Climate!$G$11,Climate!$D$11)<=0,"·",IF(IF(GlobalGH,Climate!$I$11,Climate!$F$11)>Crops!$M$5,"H",IF(IF(GlobalGH,Climate!$H$11,Climate!$E$11)<Crops!$K$5,"C","O"))) -> · | I7: =IF(IF(GlobalGH,Climate!$G$12,Climate!$D$12)<=0,"·",IF(IF(GlobalGH,Climate!$I$12,Climate!$F$12)>Crops!$M$5,"H",IF(IF(GlobalGH,Climate!$H$12,Climate!$E$12)<Crops!$K$5,"C","O"))) -> · | J7: =IF(IF(GlobalGH,Climate!$G$13,Climate!$D$13)<=0,"·",IF(IF(GlobalGH,Climate!$I$13,Climate!$F$13)>Crops!$M$5,"H",IF(IF(GlobalGH,Climate!$H$13,Climate!$E$13)<Crops!$K$5,"C","O"))) -> · | K7: =IF(IF(GlobalGH,Climate!$G$14,Climate!$D$14)<=0,"·",IF(IF(GlobalGH,Climate!$I$14,Climate!$F$14)>Crops!$M$5,"H",IF(IF(GlobalGH,Climate!$H$14,Climate!$E$14)<Crops!$K$5,"C","O"))) -> · | L7: =IF(IF(GlobalGH,Climate!$G$15,Climate!$D$15)<=0,"·",IF(IF(GlobalGH,Climate!$I$15,Climate!$F$15)>Crops!$M$5,"H",IF(IF(GlobalGH,Climate!$H$15,Climate!$E$15)<Crops!$K$5,"C","O"))) -> · | M7: =IF(IF(GlobalGH,Climate!$G$16,Climate!$D$16)<=0,"·",IF(IF(GlobalGH,Climate!$I$16,Climate!$F$16)>Crops!$M$5,"H",IF(IF(GlobalGH,Climate!$H$16,Climate!$E$16)<Crops!$K$5,"C","O"))) -> · | N7: =IF(IF(GlobalGH,Climate!$G$17,Climate!$D$17)<=0,"·",IF(IF(GlobalGH,Climate!$I$17,Climate!$F$17)>Crops!$M$5,"H",IF(IF(GlobalGH,Climate!$H$17,Climate!$E$17)<Crops!$K$5,"C","O"))) -> · | O7: =IF(IF(GlobalGH,Climate!$G$18,Climate!$D$18)<=0,"·",IF(IF(GlobalGH,Climate!$I$18,Climate!$F$18)>Crops!$M$5,"H",IF(IF(GlobalGH,Climate!$H$18,Climate!$E$18)<Crops!$K$5,"C","O"))) -> · | P7: =IF(IF(GlobalGH,Climate!$G$19,Climate!$D$19)<=0,"·",IF(IF(GlobalGH,Climate!$I$19,Climate!$F$19)>Crops!$M$5,"H",IF(IF(GlobalGH,Climate!$H$19,Climate!$E$19)<Crops!$K$5,"C","O"))) -> · | Q7: =IF(IF(GlobalGH,Climate!$G$20,Climate!$D$20)<=0,"·",IF(IF(GlobalGH,Climate!$I$20,Climate!$F$20)>Crops!$M$5,"H",IF(IF(GlobalGH,Climate!$H$20,Climate!$E$20)<Crops!$K$5,"C","O"))) -> · | R7: =IF(IF(GlobalGH,Climate!$G$21,Climate!$D$21)<=0,"·",IF(IF(GlobalGH,Climate!$I$21,Climate!$F$21)>Crops!$M$5,"H",IF(IF(GlobalGH,Climate!$H$21,Climate!$E$21)<Crops!$K$5,"C","O"))) -> · | S7: =IF(IF(GlobalGH,Climate!$G$22,Climate!$D$22)<=0,"·",IF(IF(GlobalGH,Climate!$I$22,Climate!$F$22)>Crops!$M$5,"H",IF(IF(GlobalGH,Climate!$H$22,Climate!$E$22)<Crops!$K$5,"C","O"))) -> · | T7: =IF(IF(GlobalGH,Climate!$G$23,Climate!$D$23)<=0,"·",IF(IF(GlobalGH,Climate!$I$23,Climate!$F$23)>Crops!$M$5,"H",IF(IF(GlobalGH,Climate!$H$23,Climate!$E$23)<Crops!$K$5,"C","O"))) -> · | U7: =IF(IF(GlobalGH,Climate!$G$24,Climate!$D$24)<=0,"·",IF(IF(GlobalGH,Climate!$I$24,Climate!$F$24)>Crops!$M$5,"H",IF(IF(GlobalGH,Climate!$H$24,Climate!$E$24)<Crops!$K$5,"C","O"))) -> · | V7: =IF(IF(GlobalGH,Climate!$G$25,Climate!$D$25)<=0,"·",IF(IF(GlobalGH,Climate!$I$25,Climate!$F$25)>Crops!$M$5,"H",IF(IF(GlobalGH,Climate!$H$25,Climate!$E$25)<Crops!$K$5,"C","O"))) -> · | W7: =IF(IF(GlobalGH,Climate!$G$26,Climate!$D$26)<=0,"·",IF(IF(GlobalGH,Climate!$I$26,Climate!$F$26)>Crops!$M$5,"H",IF(IF(GlobalGH,Climate!$H$26,Climate!$E$26)<Crops!$K$5,"C","O"))) -> · | X7: =IF(IF(GlobalGH,Climate!$G$27,Climate!$D$27)<=0,"·",IF(IF(GlobalGH,Climate!$I$27,Climate!$F$27)>Crops!$M$5,"H",IF(IF(GlobalGH,Climate!$H$27,Climate!$E$27)<Crops!$K$5,"C","O"))) -> · | Y7: =IF(IF(GlobalGH,Climate!$G$28,Climate!$D$28)<=0,"·",IF(IF(GlobalGH,Climate!$I$28,Climate!$F$28)>Crops!$M$5,"H",IF(IF(GlobalGH,Climate!$H$28,Climate!$E$28)<Crops!$K$5,"C","O"))) -> · | Z7: =IF(IF(GlobalGH,Climate!$G$29,Climate!$D$29)<=0,"·",IF(IF(GlobalGH,Climate!$I$29,Climate!$F$29)>Crops!$M$5,"H",IF(IF(GlobalGH,Climate!$H$29,Climate!$E$29)<Crops!$K$5,"C","O"))) -> · | AA7: =IF(IF(GlobalGH,Climate!$G$30,Climate!$D$30)<=0,"·",IF(IF(GlobalGH,Climate!$I$30,Climate!$F$30)>Crops!$M$5,"H",IF(IF(GlobalGH,Climate!$H$30,Climate!$E$30)<Crops!$K$5,"C","O"))) -> · | AB7: =IF(IF(GlobalGH,Climate!$G$31,Climate!$D$31)<=0,"·",IF(IF(GlobalGH,Climate!$I$31,Climate!$F$31)>Crops!$M$5,"H",IF(IF(GlobalGH,Climate!$H$31,Climate!$E$31)<Crops!$K$5,"C","O"))) -> · | AC7: =IF(IF(GlobalGH,Climate!$G$32,Climate!$D$32)<=0,"·",IF(IF(GlobalGH,Climate!$I$32,Climate!$F$32)>Crops!$M$5,"H",IF(IF(GlobalGH,Climate!$H$32,Climate!$E$32)<Crops!$K$5,"C","O"))) -> · | AD7: =IF(IF(GlobalGH,Climate!$G$33,Climate!$D$33)<=0,"·",IF(IF(GlobalGH,Climate!$I$33,Climate!$F$33)>Crops!$M$5,"H",IF(IF(GlobalGH,Climate!$H$33,Climate!$E$33)<Crops!$K$5,"C","O"))) -> · | AE7: =IF(IF(GlobalGH,Climate!$G$34,Climate!$D$34)<=0,"·",IF(IF(GlobalGH,Climate!$I$34,Climate!$F$34)>Crops!$M$5,"H",IF(IF(GlobalGH,Climate!$H$34,Climate!$E$34)<Crops!$K$5,"C","O"))) -> · | AF7: =IF(IF(GlobalGH,Climate!$G$35,Climate!$D$35)<=0,"·",IF(IF(GlobalGH,Climate!$I$35,Climate!$F$35)>Crops!$M$5,"H",IF(IF(GlobalGH,Climate!$H$35,Climate!$E$35)<Crops!$K$5,"C","O"))) -> · | AG7: =IF(IF(GlobalGH,Climate!$G$36,Climate!$D$36)<=0,"·",IF(IF(GlobalGH,Climate!$I$36,Climate!$F$36)>Crops!$M$5,"H",IF(IF(GlobalGH,Climate!$H$36,Climate!$E$36)<Crops!$K$5,"C","O"))) -> · | AH7: =IF(IF(GlobalGH,Climate!$G$37,Climate!$D$37)<=0,"·",IF(IF(GlobalGH,Climate!$I$37,Climate!$F$37)>Crops!$M$5,"H",IF(IF(GlobalGH,Climate!$H$37,Climate!$E$37)<Crops!$K$5,"C","O"))) -> · | AI7: =IF(IF(GlobalGH,Climate!$G$38,Climate!$D$38)<=0,"·",IF(IF(GlobalGH,Climate!$I$38,Climate!$F$38)>Crops!$M$5,"H",IF(IF(GlobalGH,Climate!$H$38,Climate!$E$38)<Crops!$K$5,"C","O"))) -> O | AJ7: =IF(IF(GlobalGH,Climate!$G$39,Climate!$D$39)<=0,"·",IF(IF(GlobalGH,Climate!$I$39,Climate!$F$39)>Crops!$M$5,"H",IF(IF(GlobalGH,Climate!$H$39,Climate!$E$39)<Crops!$K$5,"C","O"))) -> O | AK7: =IF(IF(GlobalGH,Climate!$G$40,Climate!$D$40)<=0,"·",IF(IF(GlobalGH,Climate!$I$40,Climate!$F$40)>Crops!$M$5,"H",IF(IF(GlobalGH,Climate!$H$40,Climate!$E$40)<Crops!$K$5,"C","O"))) -> O | AL7: =IF(IF(GlobalGH,Climate!$G$41,Climate!$D$41)<=0,"·",IF(IF(GlobalGH,Climate!$I$41,Climate!$F$41)>Crops!$M$5,"H",IF(IF(GlobalGH,Climate!$H$41,Climate!$E$41)<Crops!$K$5,"C","O"))) -> O | AM7: =IF(IF(GlobalGH,Climate!$G$42,Climate!$D$42)<=0,"·",IF(IF(GlobalGH,Climate!$I$42,Climate!$F$42)>Crops!$M$5,"H",IF(IF(GlobalGH,Climate!$H$42,Climate!$E$42)<Crops!$K$5,"C","O"))) -> O | AN7: =IF(IF(GlobalGH,Climate!$G$43,Climate!$D$43)<=0,"·",IF(IF(GlobalGH,Climate!$I$43,Climate!$F$43)>Crops!$M$5,"H",IF(IF(GlobalGH,Climate!$H$43,Climate!$E$43)<Crops!$K$5,"C","O"))) -> O | AO7: =IF(IF(GlobalGH,Climate!$G$44,Climate!$D$44)<=0,"·",IF(IF(GlobalGH,Climate!$I$44,Climate!$F$44)>Crops!$M$5,"H",IF(IF(GlobalGH,Climate!$H$44,Climate!$E$44)<Crops!$K$5,"C","O"))) -> O | AP7: =IF(IF(GlobalGH,Climate!$G$45,Climate!$D$45)<=0,"·",IF(IF(GlobalGH,Climate!$I$45,Climate!$F$45)>Crops!$M$5,"H",IF(IF(GlobalGH,Climate!$H$45,Climate!$E$45)<Crops!$K$5,"C","O"))) -> O | AQ7: =IF(IF(GlobalGH,Climate!$G$46,Climate!$D$46)<=0,"·",IF(IF(GlobalGH,Climate!$I$46,Climate!$F$46)>Crops!$M$5,"H",IF(IF(GlobalGH,Climate!$H$46,Climate!$E$46)<Crops!$K$5,"C","O"))) -> O | AR7: =IF(IF(GlobalGH,Climate!$G$47,Climate!$D$47)<=0,"·",IF(IF(GlobalGH,Climate!$I$47,Climate!$F$47)>Crops!$M$5,"H",IF(IF(GlobalGH,Climate!$H$47,Climate!$E$47)<Crops!$K$5,"C","O"))) -> O | AS7: =IF(IF(GlobalGH,Climate!$G$48,Climate!$D$48)<=0,"·",IF(IF(GlobalGH,Climate!$I$48,Climate!$F$48)>Crops!$M$5,"H",IF(IF(GlobalGH,Climate!$H$48,Climate!$E$48)<Crops!$K$5,"C","O"))) -> O | AT7: =IF(IF(GlobalGH,Climate!$G$49,Climate!$D$49)<=0,"·",IF(IF(GlobalGH,Climate!$I$49,Climate!$F$49)>Crops!$M$5,"H",IF(IF(GlobalGH,Climate!$H$49,Climate!$E$49)<Crops!$K$5,"C","O"))) -> O | AU7: =IF(IF(GlobalGH,Climate!$G$50,Climate!$D$50)<=0,"·",IF(IF(GlobalGH,Climate!$I$50,Climate!$F$50)>Crops!$M$5,"H",IF(IF(GlobalGH,Climate!$H$50,Climate!$E$50)<Crops!$K$5,"C","O"))) -> O | AV7: =IF(IF(GlobalGH,Climate!$G$51,Climate!$D$51)<=0,"·",IF(IF(GlobalGH,Climate!$I$51,Climate!$F$51)>Crops!$M$5,"H",IF(IF(GlobalGH,Climate!$H$51,Climate!$E$51)<Crops!$K$5,"C","O"))) -> O | AW7: =IF(IF(GlobalGH,Climate!$G$52,Climate!$D$52)<=0,"·",IF(IF(GlobalGH,Climate!$I$52,Climate!$F$52)>Crops!$M$5,"H",IF(IF(GlobalGH,Climate!$H$52,Climate!$E$52)<Crops!$K$5,"C","O"))) -> O | AX7: =IF(IF(GlobalGH,Climate!$G$53,Climate!$D$53)<=0,"·",IF(IF(GlobalGH,Climate!$I$53,Climate!$F$53)>Crops!$M$5,"H",IF(IF(GlobalGH,Climate!$H$53,Climate!$E$53)<Crops!$K$5,"C","O"))) -> O | AY7: =IF(IF(GlobalGH,Climate!$G$54,Climate!$D$54)<=0,"·",IF(IF(GlobalGH,Climate!$I$54,Climate!$F$54)>Crops!$M$5,"H",IF(IF(GlobalGH,Climate!$H$54,Climate!$E$54)<Crops!$K$5,"C","O"))) -> O | AZ7: =IF(IF(GlobalGH,Climate!$G$55,Climate!$D$55)<=0,"·",IF(IF(GlobalGH,Climate!$I$55,Climate!$F$55)>Crops!$M$5,"H",IF(IF(GlobalGH,Climate!$H$55,Climate!$E$55)<Crops!$K$5,"C","O"))) -> O | BA7: =IF(IF(GlobalGH,Climate!$G$56,Climate!$D$56)<=0,"·",IF(IF(GlobalGH,Climate!$I$56,Climate!$F$56)>Crops!$M$5,"H",IF(IF(GlobalGH,Climate!$H$56,Climate!$E$56)<Crops!$K$5,"C","O"))) -> O | BB7: =IF(IF(GlobalGH,Climate!$G$57,Climate!$D$57)<=0,"·",IF(IF(GlobalGH,Climate!$I$57,Climate!$F$57)>Crops!$M$5,"H",IF(IF(GlobalGH,Climate!$H$57,Climate!$E$57)<Crops!$K$5,"C","O"))) -> O | BC7: =IF(IF(GlobalGH,Climate!$G$58,Climate!$D$58)<=0,"·",IF(IF(GlobalGH,Climate!$I$58,Climate!$F$58)>Crops!$M$5,"H",IF(IF(GlobalGH,Climate!$H$58,Climate!$E$58)<Crops!$K$5,"C","O"))) -> O | BD7: =IF(IF(GlobalGH,Climate!$G$59,Climate!$D$59)<=0,"·",IF(IF(GlobalGH,Climate!$I$59,Climate!$F$59)>Crops!$M$5,"H",IF(IF(GlobalGH,Climate!$H$59,Climate!$E$59)<Crops!$K$5,"C","O"))) -> O | BE7: =IF(IF(GlobalGH,Climate!$G$60,Climate!$D$60)<=0,"·",IF(IF(GlobalGH,Climate!$I$60,Climate!$F$60)>Crops!$M$5,"H",IF(IF(GlobalGH,Climate!$H$60,Climate!$E$60)<Crops!$K$5,"C","O"))) -> O | BF7: =IF(IF(GlobalGH,Climate!$G$61,Climate!$D$61)<=0,"·",IF(IF(GlobalGH,Climate!$I$61,Climate!$F$61)>Crops!$M$5,"H",IF(IF(GlobalGH,Climate!$H$61,Climate!$E$61)<Crops!$K$5,"C","O"))) -> O | BG7: =IF(IF(GlobalGH,Climate!$G$62,Climate!$D$62)<=0,"·",IF(IF(GlobalGH,Climate!$I$62,Climate!$F$62)>Crops!$M$5,"H",IF(IF(GlobalGH,Climate!$H$62,Climate!$E$62)<Crops!$K$5,"C","O"))) -> O | BH7: =IF(IF(GlobalGH,Climate!$G$63,Climate!$D$63)<=0,"·",IF(IF(GlobalGH,Climate!$I$63,Climate!$F$63)>Crops!$M$5,"H",IF(IF(GlobalGH,Climate!$H$63,Climate!$E$63)<Crops!$K$5,"C","O"))) -> O | BI7: =IF(IF(GlobalGH,Climate!$G$64,Climate!$D$64)<=0,"·",IF(IF(GlobalGH,Climate!$I$64,Climate!$F$64)>Crops!$M$5,"H",IF(IF(GlobalGH,Climate!$H$64,Climate!$E$64)<Crops!$K$5,"C","O"))) -> O | BJ7: =IF(IF(GlobalGH,Climate!$G$65,Climate!$D$65)<=0,"·",IF(IF(GlobalGH,Climate!$I$65,Climate!$F$65)>Crops!$M$5,"H",IF(IF(GlobalGH,Climate!$H$65,Climate!$E$65)<Crops!$K$5,"C","O"))) -> O | BK7: =IF(IF(GlobalGH,Climate!$G$66,Climate!$D$66)<=0,"·",IF(IF(GlobalGH,Climate!$I$66,Climate!$F$66)>Crops!$M$5,"H",IF(IF(GlobalGH,Climate!$H$66,Climate!$E$66)<Crops!$K$5,"C","O"))) -> O | BL7: =IF(IF(GlobalGH,Climate!$G$67,Climate!$D$67)<=0,"·",IF(IF(GlobalGH,Climate!$I$67,Climate!$F$67)>Crops!$M$5,"H",IF(IF(GlobalGH,Climate!$H$67,Climate!$E$67)<Crops!$K$5,"C","O"))) -> O | BM7: =IF(IF(GlobalGH,Climate!$G$68,Climate!$D$68)<=0,"·",IF(IF(GlobalGH,Climate!$I$68,Climate!$F$68)>Crops!$M$5,"H",IF(IF(GlobalGH,Climate!$H$68,Climate!$E$68)<Crops!$K$5,"C","O"))) -> O | BN7: =IF(IF(GlobalGH,Climate!$G$69,Climate!$D$69)<=0,"·",IF(IF(GlobalGH,Climate!$I$69,Climate!$F$69)>Crops!$M$5,"H",IF(IF(GlobalGH,Climate!$H$69,Climate!$E$69)<Crops!$K$5,"C","O"))) -> O | BO7: =IF(IF(GlobalGH,Climate!$G$70,Climate!$D$70)<=0,"·",IF(IF(GlobalGH,Climate!$I$70,Climate!$F$70)>Crops!$M$5,"H",IF(IF(GlobalGH,Climate!$H$70,Climate!$E$70)<Crops!$K$5,"C","O"))) -> O | BP7: =IF(IF(GlobalGH,Climate!$G$71,Climate!$D$71)<=0,"·",IF(IF(GlobalGH,Climate!$I$71,Climate!$F$71)>Crops!$M$5,"H",IF(IF(GlobalGH,Climate!$H$71,Climate!$E$71)<Crops!$K$5,"C","O"))) -> O | BQ7: =IF(IF(GlobalGH,Climate!$G$72,Climate!$D$72)<=0,"·",IF(IF(GlobalGH,Climate!$I$72,Climate!$F$72)>Crops!$M$5,"H",IF(IF(GlobalGH,Climate!$H$72,Climate!$E$72)<Crops!$K$5,"C","O"))) -> O | BR7: =IF(IF(GlobalGH,Climate!$G$73,Climate!$D$73)<=0,"·",IF(IF(GlobalGH,Climate!$I$73,Climate!$F$73)>Crops!$M$5,"H",IF(IF(GlobalGH,Climate!$H$73,Climate!$E$73)<Crops!$K$5,"C","O"))) -> O | BS7: =IF(IF(GlobalGH,Climate!$G$74,Climate!$D$74)<=0,"·",IF(IF(GlobalGH,Climate!$I$74,Climate!$F$74)>Crops!$M$5,"H",IF(IF(GlobalGH,Climate!$H$74,Climate!$E$74)<Crops!$K$5,"C","O"))) -> O | BT7: =IF(IF(GlobalGH,Climate!$G$75,Climate!$D$75)<=0,"·",IF(IF(GlobalGH,Climate!$I$75,Climate!$F$75)>Crops!$M$5,"H",IF(IF(GlobalGH,Climate!$H$75,Climate!$E$75)<Crops!$K$5,"C","O"))) -> O | BU7: =IF(IF(GlobalGH,Climate!$G$76,Climate!$D$76)<=0,"·",IF(IF(GlobalGH,Climate!$I$76,Climate!$F$76)>Crops!$M$5,"H",IF(IF(GlobalGH,Climate!$H$76,Climate!$E$76)<Crops!$K$5,"C","O"))) -> O | BV7: =IF(IF(GlobalGH,Climate!$G$77,Climate!$D$77)<=0,"·",IF(IF(GlobalGH,Climate!$I$77,Climate!$F$77)>Crops!$M$5,"H",IF(IF(GlobalGH,Climate!$H$77,Climate!$E$77)<Crops!$K$5,"C","O"))) -> O | BW7: =IF(IF(GlobalGH,Climate!$G$78,Climate!$D$78)<=0,"·",IF(IF(GlobalGH,Climate!$I$78,Climate!$F$78)>Crops!$M$5,"H",IF(IF(GlobalGH,Climate!$H$78,Climate!$E$78)<Crops!$K$5,"C","O"))) -> O | BX7: =IF(IF(GlobalGH,Climate!$G$79,Climate!$D$79)<=0,"·",IF(IF(GlobalGH,Climate!$I$79,Climate!$F$79)>Crops!$M$5,"H",IF(IF(GlobalGH,Climate!$H$79,Climate!$E$79)<Crops!$K$5,"C","O"))) -> O | BY7: =IF(IF(GlobalGH,Climate!$G$80,Climate!$D$80)<=0,"·",IF(IF(GlobalGH,Climate!$I$80,Climate!$F$80)>Crops!$M$5,"H",IF(IF(GlobalGH,Climate!$H$80,Climate!$E$80)<Crops!$K$5,"C","O"))) -> O | BZ7: =IF(IF(GlobalGH,Climate!$G$81,Climate!$D$81)<=0,"·",IF(IF(GlobalGH,Climate!$I$81,Climate!$F$81)>Crops!$M$5,"H",IF(IF(GlobalGH,Climate!$H$81,Climate!$E$81)<Crops!$K$5,"C","O"))) -> O | CA7: =IF(IF(GlobalGH,Climate!$G$82,Climate!$D$82)<=0,"·",IF(IF(GlobalGH,Climate!$I$82,Climate!$F$82)>Crops!$M$5,"H",IF(IF(GlobalGH,Climate!$H$82,Climate!$E$82)<Crops!$K$5,"C","O"))) -> O | CB7: =IF(IF(GlobalGH,Climate!$G$83,Climate!$D$83)<=0,"·",IF(IF(GlobalGH,Climate!$I$83,Climate!$F$83)>Crops!$M$5,"H",IF(IF(GlobalGH,Climate!$H$83,Climate!$E$83)<Crops!$K$5,"C","O"))) -> O | CC7: =IF(IF(GlobalGH,Climate!$G$84,Climate!$D$84)<=0,"·",IF(IF(GlobalGH,Climate!$I$84,Climate!$F$84)>Crops!$M$5,"H",IF(IF(GlobalGH,Climate!$H$84,Climate!$E$84)<Crops!$K$5,"C","O"))) -> O | CD7: =IF(IF(GlobalGH,Climate!$G$85,Climate!$D$85)<=0,"·",IF(IF(GlobalGH,Climate!$I$85,Climate!$F$85)>Crops!$M$5,"H",IF(IF(GlobalGH,Climate!$H$85,Climate!$E$85)<Crops!$K$5,"C","O"))) -> O | CE7: =IF(IF(GlobalGH,Climate!$G$86,Climate!$D$86)<=0,"·",IF(IF(GlobalGH,Climate!$I$86,Climate!$F$86)>Crops!$M$5,"H",IF(IF(GlobalGH,Climate!$H$86,Climate!$E$86)<Crops!$K$5,"C","O"))) -> O | CF7: =IF(IF(GlobalGH,Climate!$G$87,Climate!$D$87)<=0,"·",IF(IF(GlobalGH,Climate!$I$87,Climate!$F$87)>Crops!$M$5,"H",IF(IF(GlobalGH,Climate!$H$87,Climate!$E$87)<Crops!$K$5,"C","O"))) -> O | CG7: =IF(IF(GlobalGH,Climate!$G$88,Climate!$D$88)<=0,"·",IF(IF(GlobalGH,Climate!$I$88,Climate!$F$88)>Crops!$M$5,"H",IF(IF(GlobalGH,Climate!$H$88,Climate!$E$88)<Crops!$K$5,"C","O"))) -> · | CH7: =IF(IF(GlobalGH,Climate!$G$89,Climate!$D$89)<=0,"·",IF(IF(GlobalGH,Climate!$I$89,Climate!$F$89)>Crops!$M$5,"H",IF(IF(GlobalGH,Climate!$H$89,Climate!$E$89)<Crops!$K$5,"C","O"))) -> · | CI7: =IF(IF(GlobalGH,Climate!$G$90,Climate!$D$90)<=0,"·",IF(IF(GlobalGH,Climate!$I$90,Climate!$F$90)>Crops!$M$5,"H",IF(IF(GlobalGH,Climate!$H$90,Climate!$E$90)<Crops!$K$5,"C","O"))) -> · | CJ7: =IF(IF(GlobalGH,Climate!$G$91,Climate!$D$91)<=0,"·",IF(IF(GlobalGH,Climate!$I$91,Climate!$F$91)>Crops!$M$5,"H",IF(IF(GlobalGH,Climate!$H$91,Climate!$E$91)<Crops!$K$5,"C","O"))) -> · | CK7: =IF(IF(GlobalGH,Climate!$G$92,Climate!$D$92)<=0,"·",IF(IF(GlobalGH,Climate!$I$92,Climate!$F$92)>Crops!$M$5,"H",IF(IF(GlobalGH,Climate!$H$92,Climate!$E$92)<Crops!$K$5,"C","O"))) -> · | CL7: =IF(IF(GlobalGH,Climate!$G$93,Climate!$D$93)<=0,"·",IF(IF(GlobalGH,Climate!$I$93,Climate!$F$93)>Crops!$M$5,"H",IF(IF(GlobalGH,Climate!$H$93,Climate!$E$93)<Crops!$K$5,"C","O"))) -> · | CM7: =IF(IF(GlobalGH,Climate!$G$94,Climate!$D$94)<=0,"·",IF(IF(GlobalGH,Climate!$I$94,Climate!$F$94)>Crops!$M$5,"H",IF(IF(GlobalGH,Climate!$H$94,Climate!$E$94)<Crops!$K$5,"C","O"))) -> · | CN7: =IF(IF(GlobalGH,Climate!$G$95,Climate!$D$95)<=0,"·",IF(IF(GlobalGH,Climate!$I$95,Climate!$F$95)>Crops!$M$5,"H",IF(IF(GlobalGH,Climate!$H$95,Climate!$E$95)<Crops!$K$5,"C","O"))) -> · | CO7: =IF(IF(GlobalGH,Climate!$G$96,Climate!$D$96)<=0,"·",IF(IF(GlobalGH,Climate!$I$96,Climate!$F$96)>Crops!$M$5,"H",IF(IF(GlobalGH,Climate!$H$96,Climate!$E$96)<Crops!$K$5,"C","O"))) -> · | CP7: =IF(IF(GlobalGH,Climate!$G$97,Climate!$D$97)<=0,"·",IF(IF(GlobalGH,Climate!$I$97,Climate!$F$97)>Crops!$M$5,"H",IF(IF(GlobalGH,Climate!$H$97,Climate!$E$97)<Crops!$K$5,"C","O"))) -> · | CQ7: =IF(IF(GlobalGH,Climate!$G$98,Climate!$D$98)<=0,"·",IF(IF(GlobalGH,Climate!$I$98,Climate!$F$98)>Crops!$M$5,"H",IF(IF(GlobalGH,Climate!$H$98,Climate!$E$98)<Crops!$K$5,"C","O"))) -> · | CR7: =IF(IF(GlobalGH,Climate!$G$99,Climate!$D$99)<=0,"·",IF(IF(GlobalGH,Climate!$I$99,Climate!$F$99)>Crops!$M$5,"H",IF(IF(GlobalGH,Climate!$H$99,Climate!$E$99)<Crops!$K$5,"C","O"))) -> · | CS7: =IF(IF(GlobalGH,Climate!$G$100,Climate!$D$100)<=0,"·",IF(IF(GlobalGH,Climate!$I$100,Climate!$F$100)>Crops!$M$5,"H",IF(IF(GlobalGH,Climate!$H$100,Climate!$E$100)<Crops!$K$5,"C","O"))) -> · | CT7: =IF(IF(GlobalGH,Climate!$G$101,Climate!$D$101)<=0,"·",IF(IF(GlobalGH,Climate!$I$101,Climate!$F$101)>Crops!$M$5,"H",IF(IF(GlobalGH,Climate!$H$101,Climate!$E$101)<Crops!$K$5,"C","O"))) -> · | CU7: =IF(IF(GlobalGH,Climate!$G$102,Climate!$D$102)<=0,"·",IF(IF(GlobalGH,Climate!$I$102,Climate!$F$102)>Crops!$M$5,"H",IF(IF(GlobalGH,Climate!$H$102,Climate!$E$102)<Crops!$K$5,"C","O"))) -> · | CV7: =IF(IF(GlobalGH,Climate!$G$103,Climate!$D$103)<=0,"·",IF(IF(GlobalGH,Climate!$I$103,Climate!$F$103)>Crops!$M$5,"H",IF(IF(GlobalGH,Climate!$H$103,Climate!$E$103)<Crops!$K$5,"C","O"))) -> · | CW7: =IF(IF(GlobalGH,Climate!$G$104,Climate!$D$104)<=0,"·",IF(IF(GlobalGH,Climate!$I$104,Climate!$F$104)>Crops!$M$5,"H",IF(IF(GlobalGH,Climate!$H$104,Climate!$E$104)<Crops!$K$5,"C","O"))) -> · | CX7: =IF(IF(GlobalGH,Climate!$G$105,Climate!$D$105)<=0,"·",IF(IF(GlobalGH,Climate!$I$105,Climate!$F$105)>Crops!$M$5,"H",IF(IF(GlobalGH,Climate!$H$105,Climate!$E$105)<Crops!$K$5,"C","O"))) -> · | CY7: =IF(IF(GlobalGH,Climate!$G$106,Climate!$D$106)<=0,"·",IF(IF(GlobalGH,Climate!$I$106,Climate!$F$106)>Crops!$M$5,"H",IF(IF(GlobalGH,Climate!$H$106,Climate!$E$106)<Crops!$K$5,"C","O"))) -> · | CZ7: =IF(IF(GlobalGH,Climate!$G$107,Climate!$D$107)<=0,"·",IF(IF(GlobalGH,Climate!$I$107,Climate!$F$107)>Crops!$M$5,"H",IF(IF(GlobalGH,Climate!$H$107,Climate!$E$107)<Crops!$K$5,"C","O"))) -> · | DA7: =IF(IF(GlobalGH,Climate!$G$108,Climate!$D$108)<=0,"·",IF(IF(GlobalGH,Climate!$I$108,Climate!$F$108)>Crops!$M$5,"H",IF(IF(GlobalGH,Climate!$H$108,Climate!$E$108)<Crops!$K$5,"C","O"))) -> · | DB7: =IF(IF(GlobalGH,Climate!$G$109,Climate!$D$109)<=0,"·",IF(IF(GlobalGH,Climate!$I$109,Climate!$F$109)>Crops!$M$5,"H",IF(IF(GlobalGH,Climate!$H$109,Climate!$E$109)<Crops!$K$5,"C","O"))) -> · | DC7: =IF(IF(GlobalGH,Climate!$G$110,Climate!$D$110)<=0,"·",IF(IF(GlobalGH,Climate!$I$110,Climate!$F$110)>Crops!$M$5,"H",IF(IF(GlobalGH,Climate!$H$110,Climate!$E$110)<Crops!$K$5,"C","O"))) -> · | DD7: =IF(IF(GlobalGH,Climate!$G$111,Climate!$D$111)<=0,"·",IF(IF(GlobalGH,Climate!$I$111,Climate!$F$111)>Crops!$M$5,"H",IF(IF(GlobalGH,Climate!$H$111,Climate!$E$111)<Crops!$K$5,"C","O"))) -> · | DE7: =IF(IF(GlobalGH,Climate!$G$112,Climate!$D$112)<=0,"·",IF(IF(GlobalGH,Climate!$I$112,Climate!$F$112)>Crops!$M$5,"H",IF(IF(GlobalGH,Climate!$H$112,Climate!$E$112)<Crops!$K$5,"C","O"))) -> · | DF7: =COUNTIF(B7:DE7,"O") -> 50 | DG7: (none)
